id,food_name,description,category,region,type,source,popularity,price_range
FOOD00001,Phở,"Phở (chữ Nôm: 𬖾) là một món ăn truyền thống của Việt Nam, được xem là một trong những món ăn tiêu biểu cho nền ẩm thực Việt Nam.",Món ăn Việt Nam,Việt Nam,Món nước,vietnam_food_extended,52,50-100k
FOOD00002,Bún bò Huế,"Bún bò Huế là một trong những đặc sản của thành phố Huế, mặc dù món bún này phổ biến trên cả ba miền ở Việt Nam và cả người Việt tại hải ngoại. Tại Huế, món này được gọi đơn giản là ""bún bò"" hoặc gọi cụ thể hơn là ""bún bò - giò heo"". Các địa phương khác gọi là ""bún bò Huế"", ""bún bò gốc Huế"" để chỉ xuất xứ của món ăn này. Bún bò chính gốc Huế có nguyên liệu chính là bún, thịt bắp bò, giò heo, cùng nước dùng có màu đỏ đặc trưng do ớt và vị sả và ruốc.[cần dẫn nguồn]",Món ăn Việt Nam,Việt Nam,Món nước,vietnam_food_extended,93,50-100k
FOOD00003,Bún chả,"Bún chả là một món ăn của Việt Nam, bao gồm bún, chả thịt lợn nướng trên than hoa và bát nước mắm chua cay mặn ngọt. Món ăn xuất xứ từ miền Bắc Việt Nam, là thứ quà có sức sống lâu bền nhất của Hà Nội,[1] nên có thể coi đây là một trong những đặc sản đặc trưng của ẩm thực Hà thành. Bún chả có nét tương tự món bún thịt nướng ở miền Trung và miền Nam, nhưng nước mắm pha có vị thanh nhẹ hơn.",Món ăn Việt Nam,Việt Nam,Món nước,vietnam_food_extended,15,200k+
FOOD00004,Bún riêu cua,"Bún riêu cua là một món ăn truyền thống Việt Nam, có nguồn gốc từ vùng đồng bằng sông Hồng của Việt Nam, được biết đến rộng rãi trong nước và quốc tế.[1] Món ăn này gồm bún (bún rối hoặc bún lá) và 'riêu cua'. Riêu cua là canh chua được nấu từ gạch cua, thịt cua giã và lọc cùng với quả dọc, cà chua,[2] mỡ nước, giấm bỗng, nước mắm, muối, hành hoa. Bún riêu thường thêm chút mắm tôm để tăng thêm vị đậm đà, thường ăn kèm với rau sống. Đây là món ăn có vị chua thanh, ăn vào mùa hè rất mát nên được n...",Món ăn Việt Nam,Việt Nam,Món nước,vietnam_food_extended,72,100-200k
FOOD00005,Bún thịt nướng,"Bún thịt nướng là một món ăn món ăn có nguồn gốc ở miền Nam Việt Nam, về sau đã phổ biến lan rộng tại nhiều nơi trên cả nước.[1] Mỗi nơi đều có thể có cho mình một hương vị đặc trưng riêng tùy theo khẩu vị từng nơi. Món bún này có thể dùng làm điểm tâm, bữa chính hay bữa phụ đều phù hợp.[2] Yêu cầu của món Bún thịt nướng là thịt được nướng vàng đều, có vị đậm đà cùng hương thơm của sả và vừng; nước mắm chua ngọt vừa ăn; và các loại rau dùng kèm đa dạng.[3]",Món ăn Việt Nam,Việt Nam,Món nước,vietnam_food_extended,61,10-25k
FOOD00006,Bún mắm,"Bún mắm là một trong số các món ăn đặc sản của miền tây Nam bộ Việt Nam. Bún mắm được nấu bằng mắm cá linh hay cá sặc, đây là các loại cá có nhiều tại miền Tây, đặc biệt là các tỉnh Trà Vinh và Sóc Trăng.",Món ăn Việt Nam,Việt Nam,Món nước,vietnam_food_extended,21,200k+
FOOD00007,Bún đậu mắm tôm,"Bún đậu mắm tôm là món ăn đơn giản, dân dã trong ẩm thực miền Bắc Việt Nam và có xuất xứ từ Hà Nội. Đây là món thường được dùng như bữa ăn nhẹ, ăn chơi, đôi khi là bữa tối chính. Thành phần chính gồm có bún tươi, đậu hũ chiên vàng, chả cốm, thịt luộc, nem chua, dồi, mắm tôm pha tắc, ớt và ăn kèm với các loại rau thơm như tía tô, kinh giới, rau húng, xà lách, cà pháo...[1] Cũng như các món ăn dân gian khác, giá thành rẻ nên được nhiều người giới bình dân ăn nên thu nhập của những người buôn bán n...",Món ăn Việt Nam,Việt Nam,Món nước,vietnam_food_extended,83,25-50k
FOOD00008,Bún ốc,"Bún ốc là một đặc sản ẩm thực của người Hà Nội. Bún ốc có thể ăn nóng, chấm hoặc chan. Bún ốc nguội ăn chấm phù hợp vào mùa hè.",Món ăn Việt Nam,Việt Nam,Món nước,vietnam_food_extended,87,25-50k
FOOD00009,Bánh mì,"Bánh mì là thực phẩm được chế biến từ bột mì hoặc từ ngũ cốc được nghiền ra trộn với nước, thường là bằng cách nướng. Trong suốt quá trình lịch sử, bánh mì đã được phổ biến trên toàn thế giới và là một trong những loại thực phẩm nhân tạo lâu đời nhất, đóng vai trò rất quan trọng kể từ lúc ban đầu của ngành nông nghiệp.",Món ăn Việt Nam,Việt Nam,Món nước,vietnam_food_extended,75,10-25k
FOOD00010,Bánh xèo,"Bánh xèo là một loại bánh phổ biến ở châu Á, phiên bản bánh xèo của Nhật Bản và Triều Tiên có bột bên ngoài, bên trong có nhân là tôm, thịt, giá đỗ, kim chi, khoai tây, hẹ, (bánh xèo Triều Tiên); tôm, thịt, cải thảo (Nhật Bản) được rán màu vàng, đúc thành hình tròn hoặc gấp lại thành hình bán nguyệt. Tuỳ theo từng địa phương tại Việt Nam mà bánh được thưởng thức với nét đặc trưng riêng. Thường có 2 phương pháp chính: đổ bánh xèo giòn và bánh xèo dai. Ăn bằng hai cách: ăn bốc hoặc ăn bằng đũa.",Món ăn Việt Nam,Việt Nam,Bánh,vietnam_food_extended,75,100-200k
FOOD00011,Bánh cuốn,"Bánh cuốn, còn gọi là bánh mướt hay bánh ướt (khi không có nhân),[1] là một món ăn làm từ bột gạo hấp tráng mỏng, cuộn tròn, bên trong có thể có nhân hành, thịt, mộc nhĩ hoặc không nhân.",Món ăn Việt Nam,Việt Nam,Bánh,vietnam_food_extended,88,200k+
FOOD00012,Bánh chưng,"Bánh chưng (""chưng"" trong ""chưng cất"", nghĩa là hấp nước, nhưng thực tế bánh được nấu bằng cách luộc) là một loại bánh truyền thống của dân tộc Việt nhằm thể hiện lòng biết ơn của con cháu đối với cha ông với đất trời. Nguyên liệu làm bánh chưng gồm gạo nếp, đậu xanh, thịt lợn, lá dong. Bánh thường được làm vào các dịp Mùng 1 Tết Nguyên Đán của dân tộc Việt, cũng như ngày giỗ tổ Hùng Vương (mùng 10 tháng 3 âm lịch)",Món ăn Việt Nam,Việt Nam,Bánh,vietnam_food_extended,100,50-100k
FOOD00013,Bánh tét,"Bánh tét, có nơi gọi là bánh đòn,[1] là một loại bánh trong ẩm thực của cả người Việt và một số dân tộc thiểu số[2] ở miền Nam và miền Trung Việt Nam, là nét tương đồng của bánh chưng ở miền Bắc về nguyên liệu, cách nấu, chỉ khác về hình dáng và sử dụng lá chuối để gói thay vì lá dong, vì vậy nó cũng được sử dụng nhiều nhất trong dịp Tết Nguyên đán cổ truyền của dân tộc Việt Nam với vai trò không khác bánh chưng. Nhưng cũng có nhiều bánh tét nhân chuối hay đậu đen được làm hay là bán quanh năm.",Món ăn Việt Nam,Việt Nam,Bánh,vietnam_food_extended,24,10-25k
FOOD00014,Bánh bao,"Bánh bao (tiếng Trung: 包子; bính âm: bāozi, Hán Việt: bao tử) là một loại bánh làm bằng bột mì có nhân và hấp chín, chiên hoặc nướng trước khi ăn trong ẩm thực Trung Hoa. Nó khá giống với loại bánh màn thầu truyền thống cũng của Trung Quốc nhưng hai loại bánh này hoàn toàn không liên quan gì đến nhau. Nhân bánh bao được làm bằng thịt hoặc rau củ tùy theo vùng miền khác nhau ở Trung Quốc.",Món ăn Việt Nam,Việt Nam,Bánh,vietnam_food_extended,3,100-200k
FOOD00015,Bánh căn,"Bánh căn là một loại bánh phổ biến của Ninh Thuận, Bình Thuận . Sau này được phát triển ở vùng Nam Trung Bộ, đặc biệt ở các tỉnh Khánh Hòa, Lâm Đồng, Bình Thuận. Bánh căn có hình dáng gần với bánh khọt ở các tỉnh phía Nam, nhưng cách làm hoàn toàn khác. Nếu như bánh khọt là loại bột gạo ""chiên"" (vì có dùng dầu mỡ) thì bánh căn là loại bột gạo ""nướng"". Làm bánh căn thường phải có khuôn đúc đặc biệt, thường làm bằng đất nung, và có nhiều lỗ tròn để đặt khuôn. Vì bánh căn nhỏ nên thường tính theo c...",Món ăn Việt Nam,Việt Nam,Bánh,vietnam_food_extended,22,50-100k
FOOD00016,Bánh khọt,"Bánh khọt là loại bánh Việt Nam (chính xác là loại bánh đặc trưng của miền nam Việt Nam.[1][2] Làm từ bột gạo hoặc bột sắn, có nhân tôm, được chiên và ăn kèm với rau sống, ớt tươi, thường ăn với nước mắm pha ngọt, rất ít khi chấm nước sốt mắm tôm (không phải mắm tôm hay mắm tôm chua).",Món ăn Việt Nam,Việt Nam,Bánh,vietnam_food_extended,53,25-50k
FOOD00017,Cơm tấm,"Cơm tấm hay cơm sườn[1][2][3] là một món cơm có xuất xứ từ Việt Nam, với thành phần chủ đạo gồm gạo tấm, thịt lợn nướng, trứng ốp la, nước mắm cùng nhiều nguyên liệu khác.[4] Dù có nhiều tên gọi ở các vùng miền khác nhau, tuy nhiên nguyên liệu và cách thức chế biến của món ăn này lại gần như tương tự.[5] Trong số đó, Sài Gòn được biết đến như một trong những địa danh nổi tiếng nhất gắn liền với món cơm tấm. Cơm tấm trước đây chủ yếu chỉ dùng cho bữa sáng, nhưng sau này người ta còn dùng trong cả...",Món ăn Việt Nam,Việt Nam,Món cơm/xôi,vietnam_food_extended,2,25-50k
FOOD00018,Cơm âm phủ,"Cơm âm phủ là một món ăn nổi tiếng của thành phố Huế, được một nhà hàng tên là ""Âm Phủ"" có tuổi thọ hơn 80 năm sáng tạo ra, lâu dần quen miệng nên gọi là cơm âm phủ. Hiện nay, món cơm âm phủ được nhiều nhà hàng quán xá ở nhiều tỉnh thành khác nhau tại Việt Nam phục vụ dẫn đến những sự khác biệt nhỏ trong cách chế biến. Món cơm này được kết hợp bởi nhiều món ăn còn lại trong ngày từ các tiệm cơm. Khi thành phố ngày càng phát triển thì các tiệm cơm như vậy dần biến mất, và hiện nay, chỉ còn một ti...",Món ăn Việt Nam,Việt Nam,Món cơm/xôi,vietnam_food_extended,88,50-100k
FOOD00019,Cơm hến,"Cơm hến là một đặc sản ẩm thực Huế.[1][2] Cơm hến được trình bày dưới hình thức là cơm nguội trộn với hến xào qua dầu và gia vị, nước hến, mắm ruốc, môn bạc hà, bẹ chuối, rau má, rau thơm, giá đỗ, tóp mỡ hoặc bóng bì chiên giòn, sợi mì chiên giòn, ớt màu, đậu phộng nguyên hạt, ớt chưng, tiêu, bột ngọt và muối. Các món cải biên như bún hến và mì hến không phải là đặc sản Huế.",Món ăn Việt Nam,Việt Nam,Món cơm/xôi,vietnam_food_extended,30,10-25k
FOOD00020,Cơm gà,"Cơm gà là món ăn được chế biến và trình bày với hình thức cơm và thịt gà. Cơm có thể dùng là cơm trắng hoặc cơm chiên, cơm rang và thịt gà được trình bày thông thường là đùi gà hay cánh gà. Món cơm gà tương đối dễ làm và phổ biến. Nhưng tùy theo từng quốc gia và tập tục địa phương mà có những phương cách thực hiện khác nhau.",Món ăn Việt Nam,Việt Nam,Món cơm/xôi,vietnam_food_extended,38,25-50k
FOOD00021,Gỏi cuốn,"Gỏi cuốn hay còn được gọi là Nem cuốn (Phương ngữ miền Bắc), là một món ăn khá phổ biến ở Việt Nam.[1] Gỏi cuốn có xuất xứ từ Miền nam Việt Nam với tên gọi là gỏi cuốn - bằng các nguyên liệu gồm rau xà lách, húng quế, tía tô, tôm khô, rau thơm, thịt luộc, tôm tươi.. tất cả được cuộn trong vỏ bánh tráng. Gia vị dùng kèm là tương hột trộn với lạc rang giã nhỏ phi bằng dầu ăn với hành khô.... tất cả thái nhỏ và cuộn trong vỏ làm từ bột mì hoặc là tương ớt trộn với lạc rang giã nhỏ phi bằng dầu ăn v...",Món ăn Việt Nam,Việt Nam,Gỏi/Nộm,vietnam_food_extended,2,200k+
FOOD00022,Gỏi đu đủ Thái,"Gỏi đu đủ Thái có tên là Som tam hoặc som tum, phiên âm tiếng Việt là xổm tam [1](ส้มตำ hoặc ส้มตำ), tên trong tiếng Isan là tam bak hung (ตำบักหุ่ง- tam bàk hùŋ) là một loại gỏi cay với nguyên liệu chính là đu đủ xanh bào sợi. Som tam tương tự như món gỏi tam mak hung của Lào và gỏi bok l'hong của Campuchia. Món gỏi đu đủ Thái được Google tôn vinh trên trang chính ngày 14/12/2021.[2]
Món gỏi này cũng được bán trong khu tự trị Tây Song Bản Nạp ở Trung Quốc.",Món ăn Việt Nam,Việt Nam,Gỏi/Nộm,vietnam_food_extended,64,50-100k
FOOD00023,Nộm hoa chuối,"Nộm hoa chuối hay gỏi bắp chuối là một món ăn của người Việt Nam.[1][2] Món ăn này được gọi là nộm hoa chuối ở miền Bắc Việt Nam, còn tại miền Nam được gọi là gỏi bắp chuối.",Món ăn Việt Nam,Việt Nam,Gỏi/Nộm,vietnam_food_extended,60,50-100k
FOOD00024,Hủ tiếu,"Hủ tiếu (bắt nguồn từ tiếng Triều Châu ""粿條"" guê2diou5,[1] âm Hán Việt: quả điều), còn được viết là hủ tíu (trong phương ngữ tiếng Việt miền Nam tiếu đồng âm với tíu), là món ăn dùng chế phẩm gạo dạng sợi của người Triều Châu và người Mân Nam, có nhiều điểm tương tự như sa hà phấn của người Quảng Đông và bản điều của người Khách Gia, được truyền nhập tới nhiều vùng ở trong và ngoài nước Trung Quốc, trở thành món ăn thường gặp ở vùng Hoa Nam Trung Quốc và khu vực Đông Nam Á như ở miền Nam Việt Nam...",Món ăn Việt Nam,Việt Nam,Món nước,vietnam_food_extended,21,25-50k
FOOD00025,Mì Quảng,"Mì Quảng (tức là Mì của xứ Quảng) là một món ăn có nguồn gốc xuất xứ và cũng là đặc sản của Quảng Nam (nay thuộc thành phố Đà Nẵng), Việt Nam.",Món ăn Việt Nam,Việt Nam,Món nước,vietnam_food_extended,33,10-25k
FOOD00026,Cao lầu,"Cao lầu là một món mì ở Quảng Nam, Việt Nam. Đây được xem là món ăn đặc sản của thành phố Hội An. Món mì này có sợi mì màu vàng, được dùng với tôm, thịt xíu (xá xíu), các loại rau sống và rất ít nước dùng. Sợi mì màu vàng là do bột được hòa chung với tro từ một loại cây ở địa phương.",Món ăn Việt Nam,Việt Nam,Khác,vietnam_food_extended,76,200k+
FOOD00027,Hủ tiếu Nam Vang,"Hủ tiếu Nam Vang là món hủ tiếu do người Khmer chế biến, có nguồn gốc từ Nam Vang (là tên phiên âm của Phnôm Pênh). Hủ tiếu Nam Vang có tên gọi trong tiếng Khmer là ""kuay tiev"", nguyên liệu chính là hủ tiếu dai (có người gọi là hủ tiếu bột lọc), nước dùng chính là thịt bằm nhỏ, lòng heo nấu cùng. Món ăn này được du nhập vào Việt Nam và trở nên phổ biến thay vì hủ tiếu chỉ với xương thịt truyền thống. Tùy theo khẩu vị của từng người, có thể thay thế lòng heo bằng tôm, cua, cá, mực, vv...",Món ăn Việt Nam,Việt Nam,Món nước,vietnam_food_extended,58,10-25k
FOOD00028,Chả cá Lã Vọng,"Chả cá Lã Vọng là tên của món chả cá đặc sản Hà Nội. Đây là món chả làm từ cá (thường là cá lăng) thái miếng đem tẩm ướp, nướng trên than củi rồi rán lại trong chảo mỡ, do gia đình họ Đoàn tại số nhà 14 phố Chả Cá (trước đây là phố Hàng Sơn) trong khu phố cổ giữ bí quyết kinh doanh từ năm 1871 và đặt tên cho nó như trên.[1]",Món ăn Việt Nam,Việt Nam,Khác,vietnam_food_extended,22,100-200k
FOOD00029,Nem chua,"Nem chua (phương ngữ Bắc Bộ) hay nem (phương ngữ Trung Bộ và phương ngữ Nam Bộ) là một món ăn sử dụng thịt lợn, lợi dụng men của lá chuối (hoặc lá ổi, lá vông, lá sung v.v.) và thính gạo để ủ chín, có vị chua ngậy. Nổi tiếng ở Việt Nam như một sản vật phổ biến tại nhiều địa phương, tuy không rõ nem chua được người dân vùng nào làm ra đầu tiên. Cách chế biến nem có thể chia thành hai kiểu: Nem Miền Bắc có thể chế biến ăn sống cùng các loại lá đặc biệt; còn Nem Miền Trung (đặc biệt Thanh Hoá và Hu...",Món ăn Việt Nam,Việt Nam,Khác,vietnam_food_extended,89,100-200k
FOOD00030,Bánh gối,"Bánh gối Bắc Bộ hay bánh xếp ở Nam Bộ (ở Trung Bộ gọi là bánh quai vạc chiên) là một loại bánh xuất xứ từ Hải Phòng, khi ăn bánh vẫn còn giòn tan như cái giòn của vỏ bánh và giàu hương vị. Theo các nhà ẩm thực thì bánh gối xuất hiện tại Hải Phòng và Hà Nội trước năm 1948, nghĩa là bánh gối xuất hiện như một món ăn vặt cùng thời điểm với những bánh chín tầng mây, quẩy, há cảo,...",Món ăn Việt Nam,Việt Nam,Bánh,vietnam_food_extended,49,25-50k
FOOD00031,Xôi,"Xôi là một món ăn thông dụng được làm từ nguyên liệu chính là gạo nếp, đồ/hấp chín bằng hơi nước, thịnh hành trong ẩm thực của nhiều nước châu Á.",Món ăn Việt Nam,Việt Nam,Món cơm/xôi,vietnam_food_extended,91,25-50k
FOOD00032,Bánh bèo,"Bánh bèo là một món bánh xuất thân từ Cố Đô Huế rất thịnh hành ở miền Trung, ngoài ra cũng phổ biến ở miền Nam Việt Nam.[1] Bánh bèo đã trở thành một nét đẹp trong văn hóa ẩm thực của người dân Việt Nam từ bao đời nay. Tên bánh bèo có thể xuất phát từ hình dạng của nó: giống như cái lá của cây bèo.",Món ăn Việt Nam,Việt Nam,Bánh,vietnam_food_extended,59,25-50k
FOOD00033,Bánh nậm,"Bánh nậm là một loại bánh và là món ẩm thực truyền thống đặc trưng của Huế với bộ ba trứ danh ""bèo, nậm, lọc"". Đây là thứ bánh được làm từ bột gạo vừa ngon vừa có tính chất lành (người già, trẻ em, người ốm đều có thể ăn được). Ở Huế, bánh nậm còn được làm chay, chỉ có nhân đậu xanh, dùng cho ngày rằm, mồng một.",Món ăn Việt Nam,Việt Nam,Bánh,vietnam_food_extended,42,100-200k
FOOD00034,Bánh ít,"Bánh ít hay bánh ích[1]  là một loại bánh phổ biến ở Việt Nam, được làm từ bột nếp và đậu xanh với phương pháp hấp cách thủy. Nhân bánh được xào chín trước khi gói cẩn thận bằng lá chuối tươi hoặc khô[2] và có thể có nhiều hình dáng khác nhau tùy theo cách gói của người làm bánh. Nhân bánh có thể là nhân mặn hoặc nhân ngọt. Bánh được sử dụng phổ biến để đồ cúng trong những ngày Giỗ, Tết[3] hay làm quà quê.",Món ăn Việt Nam,Việt Nam,Bánh,vietnam_food_extended,92,10-25k
FOOD00035,Cháo lòng,"Cháo lòng là món cháo được nấu theo phương thức nấu cháo thông thường, trong sự kết hợp với nước dùng ngọt làm từ xương lợn hay nước luộc lòng lợn, và nguyên liệu chính cho bát cháo không thể thiếu các món phủ tạng lợn luộc, dồi. Cháo lòng tương đối phổ thông thậm chí khá bình dân trong ẩm thực Việt Nam, được bán rộng rãi tại các cửa hàng lòng lợn trong cả nước, tạo nên một bộ ba sản phẩm được ăn theo thứ tự trong bữa ăn là tiết canh, lòng lợn, cháo lòng, và thường kết hợp với rượu đế.",Món ăn Việt Nam,Việt Nam,Khác,vietnam_food_extended,60,10-25k
FOOD00036,Bánh tráng,"Bánh tráng là một dạng bánh sử dụng nguyên liệu chính là tinh bột tráng mỏng phơi khô, khi ăn có thể nướng giòn (miền Bắc Việt Nam gọi là bánh đa nem, miền Trung gọi là bánh tráng nhúng, miền Nam gọi là bánh tráng [1]) hoặc nhúng qua nước để làm nem cuốn (miền Nam gọi là gỏi cuốn). Nó còn là nguyên liệu để làm một món ăn khác là nem (chả giò).",Món ăn Việt Nam,Việt Nam,Bánh,vietnam_food_extended,80,25-50k
FOOD00037,Cà ri gà,"Cà ri gà là một món ăn phổ biến ở Nam Á, Đông Nam Á, cũng như tại Caribbean (nơi món này thường được gọi là ""cà ri gà""). Món cà ri Nam Á điển hình bao gồm thịt gà hầm với củ hành tây và nước xốt cà chua, thêm hương vị với gừng, tỏi, ớt và một loạt các loại gia vị, thường gồm có bột nghệ, thì là, rau mùi, quế, bạch đậu khấu và như thế. Bên ngoài khu vực Nam Á, cà ri gà thường ướp với một hỗn hợp gia vị trước khi nấu, gọi là bột cà ri.",Món ăn Việt Nam,Việt Nam,Khác,vietnam_food_extended,15,200k+
FOOD00038,Cơm dẻo,"Cơm dẻo mang đậm hương vị truyền thống của ẩm thực Việt Nam, là sự kết hợp hoàn hảo của các gia vị.",Món ăn Việt Nam,Miền Bắc,Món cơm/xôi,Generated,62,10-25k
FOOD00039,Cá nướng lá chuối,"Cá nướng lá chuối là món ăn phổ biến tại Việt Nam, được chế biến từ các nguyên liệu tươi ngon địa phương.",Món ăn Việt Nam,Miền Trung,Khác,Generated,62,100-200k
FOOD00040,Chả tôm,"Chả tôm là đặc sản nổi tiếng trong ẩm thực Việt Nam, thường được phục vụ trong các bữa ăn gia đình.",Món ăn Việt Nam,Miền Trung,Khác,Generated,47,50-100k
FOOD00041,Bánh đúc,"Bánh đúc là một loại bánh của Việt Nam, thường được làm bằng bột gạo (tại miền Bắc và miền Trung) hoặc bột năng (miền Nam) với một số gia vị. Bánh được làm thành tấm to, khi ăn thì cắt nhỏ thành miếng tùy thích.",Món ăn Việt Nam,Việt Nam,Bánh,Wikipedia,62,50-100k
FOOD00042,Chè bưởi,"Chè bưởi là một món chè trái cây phổ biến có nguồn gốc từ vùng Tây Nam Bộ, Việt Nam, đặc biệt phổ biến ở Long Xuyên. Khác với các món chè truyền thống của Việt Nam thường sử dụng các loại đậu (đậu xanh, đậu đỏ, đậu đen,...) hoặc các loại bột (bột gạo, bột mì,...), chè bưởi được làm từ cùi bưởi, là phần màu trắng của vỏ bưởi.[1][2]",Món ăn Việt Nam,Việt Nam,Tráng miệng,Wikipedia,51,50-100k
FOOD00043,Bánh căn mini,"Bánh căn mini là món ăn phổ biến tại Việt Nam, được chế biến từ các nguyên liệu tươi ngon địa phương.",Món ăn Việt Nam,Miền Bắc,Bánh,Generated,55,200k+
FOOD00044,Bánh căn Phan Thiết,"Bánh căn Phan Thiết là đặc sản nổi tiếng trong ẩm thực Việt Nam, thường được phục vụ trong các bữa ăn gia đình.",Món ăn Việt Nam,Miền Trung,Bánh,Generated,64,25-50k
FOOD00045,Cơm sen,"Cơm sen có nguồn gốc từ ẩm thực dân gian Việt Nam, được truyền từ đời này sang đời khác.",Món ăn Việt Nam,Miền Nam,Món cơm/xôi,Generated,3,100-200k
FOOD00046,Phở tái,"Phở tái là món ăn phổ biến tại Việt Nam, được chế biến từ các nguyên liệu tươi ngon địa phương.",Món ăn Việt Nam,Việt Nam,Món nước,Generated,51,200k+
FOOD00047,Xôi lá cẩm,Xôi lá cẩm món xôi ăn dân dã của người Việt Nam và Thái Lan được nấu với nguyên liệu chính là lá cẩm. Lá cẩm tạo ra màu tím tự nhiên nên thường được dùng tạo màu cho các món ăn. Xôi lá cẩm thường được các bà nội trợ nấu cho gia đình vì hương vị ngon và nhìn bắt mắt của nó.[1],Món ăn Việt Nam,Việt Nam,Món cơm/xôi,Wikipedia,7,100-200k
FOOD00048,Nộm đu đủ,"Nộm đu đủ mang đậm hương vị truyền thống của ẩm thực Việt Nam, là sự kết hợp hoàn hảo của các gia vị.",Món ăn Việt Nam,Việt Nam,Gỏi/Nộm,Generated,21,100-200k
FOOD00049,Bánh pía,"Bánh pía (tiếng Trung: 朥饼; Bạch thoại tự: lâ-piáⁿ) là món bánh ngọt ngàn lớp có nhân và là bánh trung thu truyền thống xuất phát từ Triều Châu, Trung Quốc và được du nhập vào các khu phố người Hoa trên thế giới. Đặc biệt ở Đông Nam Á, nơi có Hoa Kiều cư ngụ là Việt Nam, Malaysia, Indonesia, Philippines và Singapore. Ở Indonesia, bánh có tên gọi là
Bakpia Pathok.",Món ăn Việt Nam,Việt Nam,Bánh,Wikipedia,73,25-50k
FOOD00050,Cơm niêu,"Cơm niêu là đặc sản nổi tiếng trong ẩm thực Việt Nam, thường được phục vụ trong các bữa ăn gia đình.",Món ăn Việt Nam,Việt Nam,Món cơm/xôi,Generated,39,50-100k
FOOD00051,Bánh căn nướng,"Bánh căn nướng mang đậm hương vị truyền thống của ẩm thực Việt Nam, là sự kết hợp hoàn hảo của các gia vị.",Món ăn Việt Nam,Miền Trung,Bánh,Generated,18,25-50k
FOOD00052,Mắm ruốc,"Mắm ruốc là một dạng mắm làm từ ruốc (một loài tôm nhỏ thuộc chi Acetes thuộc họ Sergestidae, bộ Decapoda). Tuy nhiên, màu sắc và mùi vị của mắm ruốc không giống với mắm tôm. Mắm ruốc không tanh bằng mắm tôm, có thể pha thêm nước khi làm nước chấm và có thể dùng làm gia vị khi nấu canh rau tại các nước Đông Nam Á và miền nam Trung Quốc. Ấn Độ và Nhật Bản cũng có loại ""mắm ruốc"" gọi là ""jawla"" (tiế...",Món ăn Việt Nam,Việt Nam,Khác,Wikipedia,4,200k+
FOOD00053,Bún cá,"Bún cá có nguồn gốc từ ẩm thực dân gian Việt Nam, được truyền từ đời này sang đời khác.",Món ăn Việt Nam,Miền Nam,Món nước,Generated,89,200k+
FOOD00054,Bánh trôi - bánh chay,"Bánh trôi - bánh chay là hai loại bánh cổ truyền tại miền Bắc Việt Nam. Hai loại bánh này thường đi liền với nhau, phổ biến nhất trong dịp Tết Hàn Thực vào mùng 3 tháng 3 âm lịch hàng năm, còn gọi là ""ngày bánh trôi bánh chay"".[1] Riêng tại Xứ Đoài, người dân làm lễ rước bánh trôi dâng Hai Bà Trưng tại đền Hát Môn vào ngày mồng 6 tháng ba.[2]",Món ăn Việt Nam,Việt Nam,Bánh,Wikipedia,60,200k+
FOOD00055,Mì tôm cua,"Mì tôm cua là một món ăn truyền thống của Việt Nam, được yêu thích bởi hương vị đặc trưng và cách chế biến độc đáo.",Món ăn Việt Nam,Việt Nam,Món nước,Generated,14,25-50k
FOOD00056,Cháo cá,"Cháo cá là món ăn phổ biến tại Việt Nam, được chế biến từ các nguyên liệu tươi ngon địa phương.",Món ăn Việt Nam,Miền Nam,Khác,Generated,9,100-200k
FOOD00057,Gỏi tôm,"Gỏi tôm là đặc sản nổi tiếng trong ẩm thực Việt Nam, thường được phục vụ trong các bữa ăn gia đình.",Món ăn Việt Nam,Miền Trung,Gỏi/Nộm,Generated,90,100-200k
FOOD00058,Bánh đậu xanh,"Bánh đậu xanh là một loại bánh ngọt làm từ bột đậu xanh quết nhuyễn với đường và dầu thực vật hay mỡ động vật, thường là mỡ lợn. Bánh được cắt thành từng khối vuông nhỏ, gói giấy bạc thành hộp nhỏ, lớn hay gói giấy thấm mỡ thành từng thỏi vàng. Bánh thường được dùng khi uống trà tàu hay chè xanh, khi đó sẽ tạo cảm giác thư thái. Địa phương làm bánh đậu xanh nổi tiếng ở Hải Dương (giờ thuộc Hải Phò...",Món ăn Việt Nam,Việt Nam,Bánh,Wikipedia,53,10-25k
FOOD00059,Chả bông,"Chả bông có nguồn gốc từ ẩm thực dân gian Việt Nam, được truyền từ đời này sang đời khác.",Món ăn Việt Nam,Miền Nam,Khác,Generated,2,200k+
FOOD00060,Gỏi bò bóp thấu,"Gỏi bò bóp thấu là một món ăn truyền thống của Việt Nam, được yêu thích bởi hương vị đặc trưng và cách chế biến độc đáo.",Món ăn Việt Nam,Miền Bắc,Gỏi/Nộm,Generated,84,100-200k
FOOD00061,Lẩu riêu cua,"Lẩu riêu cua có nguồn gốc từ ẩm thực dân gian Việt Nam, được truyền từ đời này sang đời khác.",Món ăn Việt Nam,Việt Nam,Lẩu,Generated,92,10-25k
FOOD00062,Lẩu gà lá é,"Lẩu gà lá é mang đậm hương vị truyền thống của ẩm thực Việt Nam, là sự kết hợp hoàn hảo của các gia vị.",Món ăn Việt Nam,Miền Trung,Lẩu,Generated,60,100-200k
FOOD00063,Bún măng vịt,"Bún măng vịt là đặc sản nổi tiếng trong ẩm thực Việt Nam, thường được phục vụ trong các bữa ăn gia đình.",Món ăn Việt Nam,Việt Nam,Món nước,Generated,71,200k+
FOOD00064,Cơm chiên,"Cơm chiên hay cơm rang là một món cơm nấu đã được chế biến trong chảo hoặc chảo rán và thường được trộn với các thành phần khác như trứng, rau, hải sản hoặc thịt. Nó thường được ăn riêng lẻ hoặc như một món ăn kèm cho món ăn khác. Cơm chiên là một thành phần phổ biến của các món ăn Đông Á, Đông Nam Á và một số món ăn Nam Á. Cơm chiên thường được làm với các thành phần còn sót lại từ các món ăn khá...",Món ăn Việt Nam,Việt Nam,Món cơm/xôi,Wikipedia,44,50-100k
FOOD00065,Lẩu thái,"Lẩu thái có nguồn gốc từ ẩm thực dân gian Việt Nam, được truyền từ đời này sang đời khác.",Món ăn Việt Nam,Miền Nam,Lẩu,Generated,8,200k+
FOOD00066,Nộm su hào,"Nộm su hào là món ăn phổ biến tại Việt Nam, được chế biến từ các nguyên liệu tươi ngon địa phương.",Món ăn Việt Nam,Miền Nam,Gỏi/Nộm,Generated,47,25-50k
FOOD00067,Gỏi gà,"Gỏi gà là món ăn phổ biến tại Việt Nam, được chế biến từ các nguyên liệu tươi ngon địa phương.",Món ăn Việt Nam,Việt Nam,Gỏi/Nộm,Generated,35,100-200k
FOOD00068,Phở cuốn,"Phở cuốn là một món ăn có nguồn gốc từ món phở, lần đầu tiên xuất hiện ở ngã tư phố Ngũ Xã và đường Nguyễn Khắc Hiếu tại thành phố Hà Nội.[1]",Món ăn Việt Nam,Việt Nam,Món nước,Wikipedia,78,100-200k
FOOD00069,Cháo tôm,"Cháo tôm là một món ăn truyền thống của Việt Nam, được yêu thích bởi hương vị đặc trưng và cách chế biến độc đáo.",Món ăn Việt Nam,Miền Trung,Khác,Generated,81,25-50k
FOOD00070,Phở chín,"Phở chín có nguồn gốc từ ẩm thực dân gian Việt Nam, được truyền từ đời này sang đời khác.",Món ăn Việt Nam,Việt Nam,Món nước,Generated,36,25-50k
FOOD00071,Mì Quảng Đà Nẵng,"Mì Quảng Đà Nẵng là món ăn phổ biến tại Việt Nam, được chế biến từ các nguyên liệu tươi ngon địa phương.",Món ăn Việt Nam,Việt Nam,Món nước,Generated,50,50-100k
FOOD00072,Bánh hỏi,"Bánh hỏi là một món ăn đặc sản có rất nhiều ở Lâm Đồng, TP. HCM, Vĩnh Long, Đắk Lắk, Nha Trang, Gia Lai của Việt Nam. Bánh được làm từ bột gạo và có quy trình chế biến công phu, tỉ mỉ. Bánh hỏi thường ăn chung với mỡ hành, thịt quay, thịt nướng, lòng heo... đây là món ăn không thể thiếu trong những dịp lễ, cúng giỗ, cưới hỏi, lễ cúng ở đình, chùa của người dân và là một nét văn hóa ẩm thực của địa...",Món ăn Việt Nam,Việt Nam,Bánh,Wikipedia,4,100-200k
FOOD00073,Cháo gà,"Cháo gà hay súp gà là một món súp được làm từ thịt gà, ninh nhừ trong nước, thường kèm với nhiều thành phần nguyên liệu và gia vị khác như gạo, rau, cà rốt. Súp gà hoặc cháo gà cổ điển bao gồm nước dùng gà trong veo, thường có miếng thịt gà hoặc rau, những thứ bổ sung phổ biến là mì ống, mì, bánh bao, hoặc các loại ngũ cốc như gạo và lúa mạch, ở Việt Nam thì có thêm hành, ngò, muối, tiêu. Cháo gà ...",Món ăn Việt Nam,Việt Nam,Khác,Wikipedia,2,100-200k
FOOD00074,Bánh flan,"Bánh flan hay gọi theo tiếng Việt là bánh lăng hay ca-ra-men (tiếng Pháp: crème caramel và flan au caramel) là loại bánh được hấp chín từ các nguyên liệu chính là trứng và sữa, caramel (đường thắng). Đây là một loại bánh xuất xứ từ nền ẩm thực châu Âu tuy hiện nay đã phổ biến tại nhiều nơi trên thế giới. Ở Việt Nam, bánh flan thịnh hành tại các vùng đô thị như một đồ ăn tráng miệng, một thức quà đ...",Món ăn Việt Nam,Việt Nam,Bánh,Wikipedia,6,50-100k
FOOD00075,Bánh tráng phơi sương,"Bánh tráng phơi sương là loại bánh tráng đặc sản ở thị xã Trảng Bàng - Tây Ninh. Bánh dẻo, có vị mặn, có dạng hình tròn tương tự với các loại bánh tráng khác nhưng có màu trắng đục hơn và lấm tấm những hạt bong bóng nổi trên mặt bánh, có thể sử dụng trực tiếp không cần phải nhúng nước hay nướng giòn. Bánh tráng phơi sương đang được Sở Khoa học - công nghệ tỉnh Tây Ninh làm thủ tục để đăng ký thươn...",Món ăn Việt Nam,Việt Nam,Bánh,Wikipedia,54,10-25k
FOOD00076,Thịt nướng lá lốt,"Thịt nướng lá lốt là đặc sản nổi tiếng trong ẩm thực Việt Nam, thường được phục vụ trong các bữa ăn gia đình.",Món ăn Việt Nam,Việt Nam,Khác,Generated,4,50-100k
FOOD00077,Mì xào,Mì xào là tên gọi chỉ chung cho các món ăn được chế biến từ nguyên liệu chính là sợi mì với phương pháp xào. Đây là một trong những món ăn thông dụng trong ẩm thực đường phố ở châu Á.,Món ăn Việt Nam,Việt Nam,Món nước,Wikipedia,54,200k+
FOOD00078,Bánh tráng me,"Bánh tráng me có nguồn gốc từ ẩm thực dân gian Việt Nam, được truyền từ đời này sang đời khác.",Món ăn Việt Nam,Miền Trung,Bánh,Generated,93,100-200k
FOOD00079,Cháo hến,"Cháo hến có nguồn gốc từ ẩm thực dân gian Việt Nam, được truyền từ đời này sang đời khác.",Món ăn Việt Nam,Việt Nam,Khác,Generated,63,25-50k
FOOD00080,Bún bò Nam Bộ,Bún bò Nam Bộ (còn gọi là bún bò xào) là một món ăn Việt Nam phổ biến ở vùng Nam Bộ.[4],Món ăn Việt Nam,Việt Nam,Món nước,Wikipedia,18,200k+
FOOD00081,Phở gà,"Phở gà có nguồn gốc từ ẩm thực dân gian Việt Nam, được truyền từ đời này sang đời khác.",Món ăn Việt Nam,Miền Nam,Món nước,Generated,90,100-200k
FOOD00082,Mắm tôm,"Mắm tôm (tiếng Anh: shrimp paste) là loại mắm được làm chủ yếu từ tôm hoặc moi và muối ăn, qua quá trình lên men tạo mùi vị và màu sắc đặc trưng. Nó còn là một loại gia vị lên men thường được sử dụng trong các món ăn Đông Nam Á và Nam Trung Quốc.",Món ăn Việt Nam,Việt Nam,Khác,Wikipedia,44,50-100k
FOOD00083,Bún ken,"Bún ken có nguồn gốc từ ẩm thực dân gian Việt Nam, được truyền từ đời này sang đời khác.",Món ăn Việt Nam,Miền Trung,Món nước,Generated,34,200k+
FOOD00084,Hủ tiếu Mỹ Tho,"Hủ tiếu Mỹ Tho là loại hủ tiếu do người Mỹ Tho chế biến, nguyên liệu chính là hủ tiếu khô, nước dùng chính là thịt bằm nhỏ, lòng heo nấu cùng xương tủy heo. Sau đó trụng sơ mì với nước dùng và cho các nguyên liệu phụ vào như giá, hẹ, thịt bằm cùng lòng heo vào. Năm 2009, Hủ tiếu Mỹ Tho của Tổ hợp tác sản xuất hủ tiếu Mỹ Tho (ấp Hội Gia, xã Mỹ Phong, thành phố Mỹ Tho, Tiền Giang) được Trung tâm Thư...",Món ăn Việt Nam,Việt Nam,Món nước,Wikipedia,74,100-200k
FOOD00085,Tương ớt,"Tương ớt là thứ nước chấm cay có dạng đặc sệt như nước sốt và có màu cam đỏ, được làm từ nguyên liệu chính là ớt xay nhuyễn kết hợp với một số gia vị khác. Những nước trồng được ớt đều có tập quán làm tương ớt.",Món ăn Việt Nam,Việt Nam,Khác,Wikipedia,62,10-25k
FOOD00086,Lẩu cá,"Lẩu cá là một món ăn truyền thống của Việt Nam, được yêu thích bởi hương vị đặc trưng và cách chế biến độc đáo.",Món ăn Việt Nam,Miền Trung,Lẩu,Generated,100,10-25k
FOOD00087,Giò lụa,"Giò lụa, hay chả lụa (Từ dùng nhiều trong miền Nam) là tên gọi của món ăn được làm từ hai nguyên liệu cơ bản là thịt nạc thăn lợn giã nhuyễn kết hợp với nước mắm ngon, gói trong lá chuối và luộc chín. Thịnh hành trong ẩm thực Việt Nam từ Bắc tới Nam như một món ăn vừa phổ thông vừa sang trọng, giò lụa giòn và thơm đậm mùi thịt tươi luộc cộng với mùi đặc trưng của lá chuối tươi được luộc chín.",Món ăn Việt Nam,Việt Nam,Khác,Wikipedia,14,25-50k
FOOD00088,Ruốc tôm,"Ruốc tôm là một món ăn truyền thống của Việt Nam, được yêu thích bởi hương vị đặc trưng và cách chế biến độc đáo.",Món ăn Việt Nam,Miền Bắc,Khác,Generated,95,100-200k
FOOD00089,Cơm lam,"Cơm lam là loại cơm được làm từ gạo (thường là gạo nếp) cùng một số nguyên liệu khác, cho vào ống tre, giang, nứa v.v. và nướng chín trên lửa. Cơm đặc trưng của các dân tộc vùng Tây Bắc Việt Nam và các vùng Đông Bắc Việt Nam, Tây Nguyên và một số dân tộc tại Lào, Thái Lan, Campuchia, Myanmar và Trung Quốc.",Món ăn Việt Nam,Việt Nam,Món cơm/xôi,Wikipedia,48,10-25k
FOOD00090,Chè ba màu,"Chè ba màu là món ăn phổ biến tại Việt Nam, được chế biến từ các nguyên liệu tươi ngon địa phương.",Món ăn Việt Nam,Việt Nam,Tráng miệng,Generated,15,50-100k
FOOD00091,Nem nướng,"Nem nướng là món thịt heo nướng hoặc thịt viên nướng của Việt Nam,[1] và là một món ăn phổ biến ở quốc gia này, đôi khi được dùng như một món khai vị hoặc món ăn nhẹ riêng lẻ, hoặc ăn kèm bún (hoặc cơm) như một món chính. Nem nướng là đặc sản của tỉnh Khánh Hòa (Nha Trang).[2]",Món ăn Việt Nam,Việt Nam,Khác,Wikipedia,72,100-200k
FOOD00092,Bánh khúc,"Bánh khúc hay xôi khúc, xôi cúc là loại bánh có nguồn gốc từ vùng đồng bằng Bắc Bộ.",Món ăn Việt Nam,Việt Nam,Bánh,Wikipedia,78,50-100k
FOOD00093,Nước mắm,"Nước mắm theo cách hiểu thông thường là chắt phần nước rỉ được từ cá, tôm và xác động vật nhuyễn thể khác được ướp muối lâu ngày. Nó được sử dụng rộng rãi trong ẩm thực của các quốc gia Đông Nam Á như Việt Nam và Thái Lan, để chấm hoặc gia vị chế biến các món ăn khác.Tại miền nam Trung Quốc, nước mắm cũng được sử dụng, nhưng chỉ dùng để làm dầu hay gia vị trong các món súp và thịt hầm.Trên phương ...",Món ăn Việt Nam,Việt Nam,Khác,Wikipedia,87,50-100k
FOOD00094,Bún suông,"Bún suông còn được gọi là bún đuông. Món ăn có xuất xứ từ Trà Vinh. Sở dĩ món ăn này có tên gọi như vậy là xuất phát từ chả tôm vừa tươi ngon và mềm mịn được tạo hình như những con đuông. Sự hấp dẫn của món này chính là nước lèo mang đậm chất Trà Vinh. Nước lèo không trong mà có màu nâu đậm, bởi được thêm một ít me và tương hạt vừa tạo nên vị ngọt thanh lại vừa thoang thoảng hương thơm của tương r...",Món ăn Việt Nam,Việt Nam,Món nước,Wikipedia,62,10-25k
FOOD00095,Gà nướng lá chuối,"Gà nướng lá chuối là món ăn phổ biến tại Việt Nam, được chế biến từ các nguyên liệu tươi ngon địa phương.",Món ăn Việt Nam,Miền Nam,Khác,Generated,40,100-200k
FOOD00096,Gỏi ngó sen,"Gỏi ngó sen là món ăn phổ biến tại Việt Nam, được chế biến từ các nguyên liệu tươi ngon địa phương.",Món ăn Việt Nam,Miền Nam,Gỏi/Nộm,Generated,85,200k+
FOOD00097,Lẩu măng chua,"Lẩu măng chua là một món ăn truyền thống của Việt Nam, được yêu thích bởi hương vị đặc trưng và cách chế biến độc đáo.",Món ăn Việt Nam,Miền Nam,Lẩu,Generated,80,10-25k
FOOD00098,Cao lầu Hội An,"Cao lầu Hội An là một món ăn truyền thống của Việt Nam, được yêu thích bởi hương vị đặc trưng và cách chế biến độc đáo.",Món ăn Việt Nam,Việt Nam,Khác,Generated,82,10-25k
FOOD00099,Hủ tiếu khô,"Hủ tiếu khô là đặc sản nổi tiếng trong ẩm thực Việt Nam, thường được phục vụ trong các bữa ăn gia đình.",Món ăn Việt Nam,Miền Bắc,Món nước,Generated,53,100-200k
FOOD00100,Chè đậu xanh,"Chè đậu xanh (giản thể: 绿豆沙; phồn thể: 綠豆沙; bính âm: Lǜdòu shā; Việt bính: luk6 dau6 saa1) là món ăn thanh nhiệt có nguồn gốc từ Trung Quốc với tác dụng giải độc, điều hòa ngũ tạng. Món này được làm từ đậu xanh có chứa nhiều vitamin tốt cho cơ thể như E, B1, B2, B3 và B6.[1]",Món ăn Việt Nam,Việt Nam,Tráng miệng,Wikipedia,24,100-200k
FOOD00101,Phở chua,"Phở chua là món ăn phổ biến tại Việt Nam, được chế biến từ các nguyên liệu tươi ngon địa phương.",Món ăn Việt Nam,Miền Nam,Món nước,Generated,26,50-100k
FOOD00102,Lẩu mắm,"Lẩu mắm là một món ăn truyền thống của Việt Nam, được yêu thích bởi hương vị đặc trưng và cách chế biến độc đáo.",Món ăn Việt Nam,Miền Nam,Lẩu,Generated,89,100-200k
FOOD00103,Mắm tôm chua,"Mắm tôm chua là một món ăn của Nam Bộ và miền Trung Việt Nam, đặc biệt là tại Gò Công và Huế, làm từ tôm bạc đất ủ chua. Gò Công và Huế là hai nơi làm mắm tôm chua nổi tiếng, tuy nhiên ở Huế thì nhiều cơ sở sản xuất hơn. Món này bắt nguồn từ Gò Công  được Nam Phương Hoàng hậu mang về Huế. Ngày nay tại Gò Công vẫn còn rất nhiều hộ gia đình vẫn giữ nghề và bán trên thị trường.",Món ăn Việt Nam,Việt Nam,Khác,Wikipedia,60,50-100k
FOOD00104,Bánh tráng cuốn thịt heo,"Bánh tráng cuốn thịt heo là món ăn phổ biến tại Việt Nam, được chế biến từ các nguyên liệu tươi ngon địa phương.",Món ăn Việt Nam,Miền Trung,Bánh,Generated,41,10-25k
FOOD00105,Cơm cháy,Cơm cháy là một lớp vỏ mỏng của gạo hơi nâu ở đáy nồi nấu. Nó được sản xuất trong quá trình nấu cơm qua nhiệt trực tiếp từ ngọn lửa và khi phục vụ thường là lớp cơm bị cháy xém và giòn.,Món ăn Việt Nam,Việt Nam,Món cơm/xôi,Wikipedia,29,25-50k
FOOD00106,Bánh giò,"Bánh giò là một loại bánh được làm bằng bột gạo tẻ, bột năng hòa với nước xương hầm, nhân làm từ thịt nạc vai có kèm mộc nhĩ, hành tím khô, hành ta, hạt tiêu, nước mắm, muối, (ở Miền Nam nhân bánh còn có thêm trứng cút) Bánh giò có hình dài nhô cao như hình bàn tay úp khum khum với các ngón tay sát nhau, bánh được gói bằng lá chuối và hấp bằng chõ từ 30 đến 40 phút.[1]",Món ăn Việt Nam,Việt Nam,Bánh,Wikipedia,15,200k+
FOOD00107,Bánh khọt Vũng Tàu,"Bánh khọt Vũng Tàu là món ăn phổ biến tại Việt Nam, được chế biến từ các nguyên liệu tươi ngon địa phương.",Món ăn Việt Nam,Miền Bắc,Bánh,Generated,45,10-25k
FOOD00108,Cơm rượu,Cơm rượu là một món ăn truyền thống của Việt Nam.,Món ăn Việt Nam,Việt Nam,Món cơm/xôi,Wikipedia,65,100-200k
FOOD00109,Nem rán,"Nem rán (hay chả giò, chả ram hay chả đa nem) là tên một món ăn nổi tiếng của người Việt, chúng cũng được gọi tắt là nem theo cách gọi phổ biến ở miền Bắc. Ở miền Trung, món ăn này thường gọi là ram (riêng ở Thanh Hóa gọi là chả), còn ở miền Nam, nó được gọi là chả giò.",Món ăn Việt Nam,Việt Nam,Khác,Wikipedia,89,200k+
FOOD00110,Bánh in,"Bánh in là một loại bánh có xuất xứ từ Huế, được làm từ bột năng, bột gạo nếp, đậu xanh, đường, các nguyên liệu khác và được ép, đúc thành khuôn mặt đáy của bánh có khắc các hình chữ Thọ, Phúc, Lộc và gói trong giấy ngũ sắc. Đây là loại bánh để dùng trong ngày Tết để đãi khách, sửa soạn, bài trì thờ cúng (giống như công dụng của bánh Thánh trong Công giáo). Do giá trị rẻ nên được rất nhiều người ư...",Món ăn Việt Nam,Việt Nam,Bánh,Wikipedia,71,25-50k
FOOD00111,Xôi gấc,Xôi gấc là một loại xôi có màu đỏ đặc trưng của gấc. Món này được dùng nhiều và không thể thiếu trong các ngày lễ Tết cổ truyền và cưới hỏi ở Việt Nam vì nó được tin là đem đến may mắn.,Món ăn Việt Nam,Việt Nam,Món cơm/xôi,Wikipedia,9,25-50k
FOOD00112,Phở Hà Nội,"Phở Hà Nội là đặc sản nổi tiếng của Hà Nội, mang đậm hương vị địa phương với cách chế biến truyền thống được truyền từ đời này sang đời khác.",Món ăn Việt Nam,Hà Nội,Món nước,Regional,3,100-200k
FOOD00113,Bún chả Hà Nội,"Bún chả Hà Nội là đặc sản nổi tiếng của Hà Nội, mang đậm hương vị địa phương với cách chế biến truyền thống được truyền từ đời này sang đời khác.",Món ăn Việt Nam,Hà Nội,Món nước,Regional,20,50-100k
FOOD00114,Bánh cuốn Thanh Trì,"Bánh cuốn Thanh Trì là đặc sản nổi tiếng của Hà Nội, mang đậm hương vị địa phương với cách chế biến truyền thống được truyền từ đời này sang đời khác.",Món ăn Việt Nam,Hà Nội,Bánh,Regional,59,100-200k
FOOD00115,Nem chua Thanh Hóa,"Nem chua Thanh Hóa là đặc sản nổi tiếng của Hà Nội, mang đậm hương vị địa phương với cách chế biến truyền thống được truyền từ đời này sang đời khác.",Món ăn Việt Nam,Hà Nội,Khác,Regional,36,10-25k
FOOD00116,Xôi xéo,"Xôi xéo là đặc sản nổi tiếng của Hà Nội, mang đậm hương vị địa phương với cách chế biến truyền thống được truyền từ đời này sang đời khác.",Món ăn Việt Nam,Hà Nội,Món cơm/xôi,Regional,19,50-100k
FOOD00117,Cháo sườn,"Cháo sườn là đặc sản nổi tiếng của Hà Nội, mang đậm hương vị địa phương với cách chế biến truyền thống được truyền từ đời này sang đời khác.",Món ăn Việt Nam,Hà Nội,Khác,Regional,90,25-50k
FOOD00118,Bánh trôi tàu,"Bánh trôi tàu là đặc sản nổi tiếng của Hà Nội, mang đậm hương vị địa phương với cách chế biến truyền thống được truyền từ đời này sang đời khác.",Món ăn Việt Nam,Hà Nội,Bánh,Regional,67,50-100k
FOOD00119,Bánh mì Sài Gòn,"Bánh mì Sài Gòn là đặc sản nổi tiếng của TP.HCM, mang đậm hương vị địa phương với cách chế biến truyền thống được truyền từ đời này sang đời khác.",Món ăn Việt Nam,TP.HCM,Món nước,Regional,19,50-100k
FOOD00120,Cơm tấm Sài Gòn,"Cơm tấm Sài Gòn là đặc sản nổi tiếng của TP.HCM, mang đậm hương vị địa phương với cách chế biến truyền thống được truyền từ đời này sang đời khác.",Món ăn Việt Nam,TP.HCM,Món cơm/xôi,Regional,20,200k+
FOOD00121,Bánh xèo miền Nam,"Bánh xèo miền Nam là đặc sản nổi tiếng của TP.HCM, mang đậm hương vị địa phương với cách chế biến truyền thống được truyền từ đời này sang đời khác.",Món ăn Việt Nam,TP.HCM,Bánh,Regional,96,50-100k
FOOD00122,Bánh tráng nướng,"Bánh tráng nướng là đặc sản nổi tiếng của TP.HCM, mang đậm hương vị địa phương với cách chế biến truyền thống được truyền từ đời này sang đời khác.",Món ăn Việt Nam,TP.HCM,Bánh,Regional,71,50-100k
FOOD00123,Bánh bò,"Bánh bò là đặc sản nổi tiếng của TP.HCM, mang đậm hương vị địa phương với cách chế biến truyền thống được truyền từ đời này sang đời khác.",Món ăn Việt Nam,TP.HCM,Bánh,Regional,52,100-200k
FOOD00124,Chè Huế,"Chè Huế là đặc sản nổi tiếng của Huế, mang đậm hương vị địa phương với cách chế biến truyền thống được truyền từ đời này sang đời khác.",Món ăn Việt Nam,Huế,Tráng miệng,Regional,33,25-50k
FOOD00125,Bánh khoái,"Bánh khoái là đặc sản nổi tiếng của Huế, mang đậm hương vị địa phương với cách chế biến truyền thống được truyền từ đời này sang đời khác.",Món ăn Việt Nam,Huế,Bánh,Regional,40,100-200k
FOOD00126,Nem lụi,"Nem lụi là đặc sản nổi tiếng của Huế, mang đậm hương vị địa phương với cách chế biến truyền thống được truyền từ đời này sang đời khác.",Món ăn Việt Nam,Huế,Khác,Regional,39,100-200k
FOOD00127,Bánh căn Huế,"Bánh căn Huế là đặc sản nổi tiếng của Huế, mang đậm hương vị địa phương với cách chế biến truyền thống được truyền từ đời này sang đời khác.",Món ăn Việt Nam,Huế,Bánh,Regional,82,10-25k
FOOD00128,Bánh xèo Đà Nẵng,"Bánh xèo Đà Nẵng là đặc sản nổi tiếng của Đà Nẵng, mang đậm hương vị địa phương với cách chế biến truyền thống được truyền từ đời này sang đời khác.",Món ăn Việt Nam,Đà Nẵng,Bánh,Regional,1,100-200k
FOOD00129,Bánh căn Đà Nẵng,"Bánh căn Đà Nẵng là đặc sản nổi tiếng của Đà Nẵng, mang đậm hương vị địa phương với cách chế biến truyền thống được truyền từ đời này sang đời khác.",Món ăn Việt Nam,Đà Nẵng,Bánh,Regional,11,200k+
FOOD00130,Bánh ít lá gai,"Bánh ít lá gai là đặc sản nổi tiếng của Đà Nẵng, mang đậm hương vị địa phương với cách chế biến truyền thống được truyền từ đời này sang đời khác.",Món ăn Việt Nam,Đà Nẵng,Bánh,Regional,92,200k+
FOOD00131,Bánh cống,"Bánh cống là đặc sản nổi tiếng của Cần Thơ, mang đậm hương vị địa phương với cách chế biến truyền thống được truyền từ đời này sang đời khác.",Món ăn Việt Nam,Cần Thơ,Bánh,Regional,57,10-25k
FOOD00132,Bánh xèo miền Tây,"Bánh xèo miền Tây là đặc sản nổi tiếng của Cần Thơ, mang đậm hương vị địa phương với cách chế biến truyền thống được truyền từ đời này sang đời khác.",Món ăn Việt Nam,Cần Thơ,Bánh,Regional,89,25-50k
FOOD00133,Chè thái,"Chè thái là đặc sản nổi tiếng của Cần Thơ, mang đậm hương vị địa phương với cách chế biến truyền thống được truyền từ đời này sang đời khác.",Món ăn Việt Nam,Cần Thơ,Tráng miệng,Regional,50,25-50k
FOOD00134,Bánh pia,"Bánh pia là đặc sản nổi tiếng của Cần Thơ, mang đậm hương vị địa phương với cách chế biến truyền thống được truyền từ đời này sang đời khác.",Món ăn Việt Nam,Cần Thơ,Bánh,Regional,23,100-200k
FOOD00135,Bánh căn Cần Thơ,"Bánh căn Cần Thơ là đặc sản nổi tiếng của Cần Thơ, mang đậm hương vị địa phương với cách chế biến truyền thống được truyền từ đời này sang đời khác.",Món ăn Việt Nam,Cần Thơ,Bánh,Regional,31,100-200k
FOOD00136,Bánh căn Nha Trang,"Bánh căn Nha Trang là đặc sản nổi tiếng của Nha Trang, mang đậm hương vị địa phương với cách chế biến truyền thống được truyền từ đời này sang đời khác.",Món ăn Việt Nam,Nha Trang,Bánh,Regional,94,100-200k
FOOD00137,Bánh xèo Nha Trang,"Bánh xèo Nha Trang là đặc sản nổi tiếng của Nha Trang, mang đậm hương vị địa phương với cách chế biến truyền thống được truyền từ đời này sang đời khác.",Món ăn Việt Nam,Nha Trang,Bánh,Regional,42,25-50k
FOOD00138,Nem nướng Nha Trang,"Nem nướng Nha Trang là đặc sản nổi tiếng của Nha Trang, mang đậm hương vị địa phương với cách chế biến truyền thống được truyền từ đời này sang đời khác.",Món ăn Việt Nam,Nha Trang,Khác,Regional,99,50-100k
FOOD00139,Bún chả cá,"Bún chả cá là đặc sản nổi tiếng của Nha Trang, mang đậm hương vị địa phương với cách chế biến truyền thống được truyền từ đời này sang đời khác.",Món ăn Việt Nam,Nha Trang,Món nước,Regional,7,200k+
FOOD00140,Bánh canh chả cá,"Bánh canh chả cá là đặc sản nổi tiếng của Nha Trang, mang đậm hương vị địa phương với cách chế biến truyền thống được truyền từ đời này sang đời khác.",Món ăn Việt Nam,Nha Trang,Bánh,Regional,16,50-100k
FOOD00141,Chè Nha Trang,"Chè Nha Trang là đặc sản nổi tiếng của Nha Trang, mang đậm hương vị địa phương với cách chế biến truyền thống được truyền từ đời này sang đời khác.",Món ăn Việt Nam,Nha Trang,Tráng miệng,Regional,90,50-100k
FOOD00142,Phở miền Bắc,"Phở miền Bắc là một biến thể độc đáo của món Phở, được chế biến theo phong cách miền Bắc với hương vị đặc trưng riêng biệt.",Món ăn Việt Nam,Việt Nam,Món nước,Variation,1,10-25k
FOOD00143,Phở miền Trung,"Phở miền Trung là một biến thể độc đáo của món Phở, được chế biến theo phong cách miền Trung với hương vị đặc trưng riêng biệt.",Món ăn Việt Nam,Việt Nam,Món nước,Variation,48,100-200k
FOOD00144,Phở miền Nam,"Phở miền Nam là một biến thể độc đáo của món Phở, được chế biến theo phong cách miền Nam với hương vị đặc trưng riêng biệt.",Món ăn Việt Nam,Việt Nam,Món nước,Variation,12,10-25k
FOOD00145,Phở Sài Gòn,"Phở Sài Gòn là một biến thể độc đáo của món Phở, được chế biến theo phong cách Sài Gòn với hương vị đặc trưng riêng biệt.",Món ăn Việt Nam,Việt Nam,Món nước,Variation,69,200k+
FOOD00146,Phở Huế,"Phở Huế là một biến thể độc đáo của món Phở, được chế biến theo phong cách Huế với hương vị đặc trưng riêng biệt.",Món ăn Việt Nam,Việt Nam,Món nước,Variation,37,100-200k
FOOD00147,Phở nướng,"Phở nướng là món ăn được chế biến bằng phương pháp nướng, tạo nên hương vị và kết cấu đặc biệt khác biệt.",Món ăn Việt Nam,Việt Nam,Món nước,Method,32,50-100k
FOOD00148,Phở luộc,"Phở luộc là món ăn được chế biến bằng phương pháp luộc, tạo nên hương vị và kết cấu đặc biệt khác biệt.",Món ăn Việt Nam,Việt Nam,Món nước,Method,9,200k+
FOOD00149,Phở hấp,"Phở hấp là món ăn được chế biến bằng phương pháp hấp, tạo nên hương vị và kết cấu đặc biệt khác biệt.",Món ăn Việt Nam,Việt Nam,Món nước,Method,48,10-25k
FOOD00150,Bún miền Bắc,"Bún miền Bắc là một biến thể độc đáo của món Bún, được chế biến theo phong cách miền Bắc với hương vị đặc trưng riêng biệt.",Món ăn Việt Nam,Việt Nam,Món nước,Variation,72,100-200k
FOOD00151,Bún miền Trung,"Bún miền Trung là một biến thể độc đáo của món Bún, được chế biến theo phong cách miền Trung với hương vị đặc trưng riêng biệt.",Món ăn Việt Nam,Việt Nam,Món nước,Variation,36,100-200k
FOOD00152,Bún miền Nam,"Bún miền Nam là một biến thể độc đáo của món Bún, được chế biến theo phong cách miền Nam với hương vị đặc trưng riêng biệt.",Món ăn Việt Nam,Việt Nam,Món nước,Variation,38,25-50k
FOOD00153,Bún Sài Gòn,"Bún Sài Gòn là một biến thể độc đáo của món Bún, được chế biến theo phong cách Sài Gòn với hương vị đặc trưng riêng biệt.",Món ăn Việt Nam,Việt Nam,Món nước,Variation,84,50-100k
FOOD00154,Bún Hà Nội,"Bún Hà Nội là một biến thể độc đáo của món Bún, được chế biến theo phong cách Hà Nội với hương vị đặc trưng riêng biệt.",Món ăn Việt Nam,Việt Nam,Món nước,Variation,99,50-100k
FOOD00155,Bún Huế,"Bún Huế là một biến thể độc đáo của món Bún, được chế biến theo phong cách Huế với hương vị đặc trưng riêng biệt.",Món ăn Việt Nam,Việt Nam,Món nước,Variation,89,200k+
FOOD00156,Bún nướng,"Bún nướng là món ăn được chế biến bằng phương pháp nướng, tạo nên hương vị và kết cấu đặc biệt khác biệt.",Món ăn Việt Nam,Việt Nam,Món nước,Method,99,10-25k
FOOD00157,Bún luộc,"Bún luộc là món ăn được chế biến bằng phương pháp luộc, tạo nên hương vị và kết cấu đặc biệt khác biệt.",Món ăn Việt Nam,Việt Nam,Món nước,Method,25,50-100k
FOOD00158,Bún chiên,"Bún chiên là món ăn được chế biến bằng phương pháp chiên, tạo nên hương vị và kết cấu đặc biệt khác biệt.",Món ăn Việt Nam,Việt Nam,Món nước,Method,93,10-25k
FOOD00159,Bún xào,"Bún xào là món ăn được chế biến bằng phương pháp xào, tạo nên hương vị và kết cấu đặc biệt khác biệt.",Món ăn Việt Nam,Việt Nam,Món nước,Method,18,100-200k
FOOD00160,Bún hấp,"Bún hấp là món ăn được chế biến bằng phương pháp hấp, tạo nên hương vị và kết cấu đặc biệt khác biệt.",Món ăn Việt Nam,Việt Nam,Món nước,Method,82,10-25k
FOOD00161,Bánh mì miền Bắc,"Bánh mì miền Bắc là một biến thể độc đáo của món Bánh mì, được chế biến theo phong cách miền Bắc với hương vị đặc trưng riêng biệt.",Món ăn Việt Nam,Việt Nam,Món nước,Variation,41,200k+
FOOD00162,Bánh mì miền Trung,"Bánh mì miền Trung là một biến thể độc đáo của món Bánh mì, được chế biến theo phong cách miền Trung với hương vị đặc trưng riêng biệt.",Món ăn Việt Nam,Việt Nam,Món nước,Variation,100,100-200k
FOOD00163,Bánh mì miền Nam,"Bánh mì miền Nam là một biến thể độc đáo của món Bánh mì, được chế biến theo phong cách miền Nam với hương vị đặc trưng riêng biệt.",Món ăn Việt Nam,Việt Nam,Món nước,Variation,33,200k+
FOOD00164,Bánh mì Hà Nội,"Bánh mì Hà Nội là một biến thể độc đáo của món Bánh mì, được chế biến theo phong cách Hà Nội với hương vị đặc trưng riêng biệt.",Món ăn Việt Nam,Việt Nam,Món nước,Variation,68,10-25k
FOOD00165,Bánh mì Huế,"Bánh mì Huế là một biến thể độc đáo của món Bánh mì, được chế biến theo phong cách Huế với hương vị đặc trưng riêng biệt.",Món ăn Việt Nam,Việt Nam,Món nước,Variation,33,100-200k
FOOD00166,Bánh mì nướng,"Bánh mì nướng là món ăn được chế biến bằng phương pháp nướng, tạo nên hương vị và kết cấu đặc biệt khác biệt.",Món ăn Việt Nam,Việt Nam,Món nước,Method,14,25-50k
FOOD00167,Bánh mì chiên,"Bánh mì chiên là món ăn được chế biến bằng phương pháp chiên, tạo nên hương vị và kết cấu đặc biệt khác biệt.",Món ăn Việt Nam,Việt Nam,Món nước,Method,48,100-200k
FOOD00168,Bánh mì rang,"Bánh mì rang là món ăn được chế biến bằng phương pháp rang, tạo nên hương vị và kết cấu đặc biệt khác biệt.",Món ăn Việt Nam,Việt Nam,Món nước,Method,7,50-100k
FOOD00169,Cơm tấm miền Bắc,"Cơm tấm miền Bắc là một biến thể độc đáo của món Cơm tấm, được chế biến theo phong cách miền Bắc với hương vị đặc trưng riêng biệt.",Món ăn Việt Nam,Việt Nam,Món cơm/xôi,Variation,76,200k+
FOOD00170,Cơm tấm miền Trung,"Cơm tấm miền Trung là một biến thể độc đáo của món Cơm tấm, được chế biến theo phong cách miền Trung với hương vị đặc trưng riêng biệt.",Món ăn Việt Nam,Việt Nam,Món cơm/xôi,Variation,59,25-50k
FOOD00171,Cơm tấm miền Nam,"Cơm tấm miền Nam là một biến thể độc đáo của món Cơm tấm, được chế biến theo phong cách miền Nam với hương vị đặc trưng riêng biệt.",Món ăn Việt Nam,Việt Nam,Món cơm/xôi,Variation,86,50-100k
FOOD00172,Cơm tấm Hà Nội,"Cơm tấm Hà Nội là một biến thể độc đáo của món Cơm tấm, được chế biến theo phong cách Hà Nội với hương vị đặc trưng riêng biệt.",Món ăn Việt Nam,Việt Nam,Món cơm/xôi,Variation,22,100-200k
FOOD00173,Cơm tấm Huế,"Cơm tấm Huế là một biến thể độc đáo của món Cơm tấm, được chế biến theo phong cách Huế với hương vị đặc trưng riêng biệt.",Món ăn Việt Nam,Việt Nam,Món cơm/xôi,Variation,30,100-200k
FOOD00174,Cơm tấm nướng,"Cơm tấm nướng là món ăn được chế biến bằng phương pháp nướng, tạo nên hương vị và kết cấu đặc biệt khác biệt.",Món ăn Việt Nam,Việt Nam,Món cơm/xôi,Method,38,25-50k
FOOD00175,Cơm tấm luộc,"Cơm tấm luộc là món ăn được chế biến bằng phương pháp luộc, tạo nên hương vị và kết cấu đặc biệt khác biệt.",Món ăn Việt Nam,Việt Nam,Món cơm/xôi,Method,51,200k+
FOOD00176,Cơm tấm chiên,"Cơm tấm chiên là món ăn được chế biến bằng phương pháp chiên, tạo nên hương vị và kết cấu đặc biệt khác biệt.",Món ăn Việt Nam,Việt Nam,Món cơm/xôi,Method,54,100-200k
FOOD00177,Cơm tấm xào,"Cơm tấm xào là món ăn được chế biến bằng phương pháp xào, tạo nên hương vị và kết cấu đặc biệt khác biệt.",Món ăn Việt Nam,Việt Nam,Món cơm/xôi,Method,8,25-50k
FOOD00178,Cơm tấm hấp,"Cơm tấm hấp là món ăn được chế biến bằng phương pháp hấp, tạo nên hương vị và kết cấu đặc biệt khác biệt.",Món ăn Việt Nam,Việt Nam,Món cơm/xôi,Method,27,10-25k
FOOD00179,Cơm tấm rang,"Cơm tấm rang là món ăn được chế biến bằng phương pháp rang, tạo nên hương vị và kết cấu đặc biệt khác biệt.",Món ăn Việt Nam,Việt Nam,Món cơm/xôi,Method,27,200k+
FOOD00180,Cơm tấm om,"Cơm tấm om là món ăn được chế biến bằng phương pháp om, tạo nên hương vị và kết cấu đặc biệt khác biệt.",Món ăn Việt Nam,Việt Nam,Món cơm/xôi,Method,98,50-100k
FOOD00181,Cơm tấm kho,"Cơm tấm kho là món ăn được chế biến bằng phương pháp kho, tạo nên hương vị và kết cấu đặc biệt khác biệt.",Món ăn Việt Nam,Việt Nam,Món cơm/xôi,Method,21,100-200k
FOOD00182,Bánh xèo miền Bắc,"Bánh xèo miền Bắc là một biến thể độc đáo của món Bánh xèo, được chế biến theo phong cách miền Bắc với hương vị đặc trưng riêng biệt.",Món ăn Việt Nam,Việt Nam,Bánh,Variation,69,50-100k
FOOD00183,Bánh xèo miền Trung,"Bánh xèo miền Trung là một biến thể độc đáo của món Bánh xèo, được chế biến theo phong cách miền Trung với hương vị đặc trưng riêng biệt.",Món ăn Việt Nam,Việt Nam,Bánh,Variation,61,10-25k
FOOD00184,Bánh xèo Sài Gòn,"Bánh xèo Sài Gòn là một biến thể độc đáo của món Bánh xèo, được chế biến theo phong cách Sài Gòn với hương vị đặc trưng riêng biệt.",Món ăn Việt Nam,Việt Nam,Bánh,Variation,48,10-25k
FOOD00185,Bánh xèo Hà Nội,"Bánh xèo Hà Nội là một biến thể độc đáo của món Bánh xèo, được chế biến theo phong cách Hà Nội với hương vị đặc trưng riêng biệt.",Món ăn Việt Nam,Việt Nam,Bánh,Variation,19,200k+
FOOD00186,Bánh xèo Huế,"Bánh xèo Huế là một biến thể độc đáo của món Bánh xèo, được chế biến theo phong cách Huế với hương vị đặc trưng riêng biệt.",Món ăn Việt Nam,Việt Nam,Bánh,Variation,4,100-200k
FOOD00187,Bánh xèo nướng,"Bánh xèo nướng là món ăn được chế biến bằng phương pháp nướng, tạo nên hương vị và kết cấu đặc biệt khác biệt.",Món ăn Việt Nam,Việt Nam,Bánh,Method,35,50-100k
FOOD00188,Bánh xèo luộc,"Bánh xèo luộc là món ăn được chế biến bằng phương pháp luộc, tạo nên hương vị và kết cấu đặc biệt khác biệt.",Món ăn Việt Nam,Việt Nam,Bánh,Method,64,50-100k
FOOD00189,Bánh xèo chiên,"Bánh xèo chiên là món ăn được chế biến bằng phương pháp chiên, tạo nên hương vị và kết cấu đặc biệt khác biệt.",Món ăn Việt Nam,Việt Nam,Bánh,Method,49,50-100k
FOOD00190,Bánh xèo xào,"Bánh xèo xào là món ăn được chế biến bằng phương pháp xào, tạo nên hương vị và kết cấu đặc biệt khác biệt.",Món ăn Việt Nam,Việt Nam,Bánh,Method,17,10-25k
FOOD00191,Bánh xèo hấp,"Bánh xèo hấp là món ăn được chế biến bằng phương pháp hấp, tạo nên hương vị và kết cấu đặc biệt khác biệt.",Món ăn Việt Nam,Việt Nam,Bánh,Method,44,100-200k
FOOD00192,Bánh xèo rang,"Bánh xèo rang là món ăn được chế biến bằng phương pháp rang, tạo nên hương vị và kết cấu đặc biệt khác biệt.",Món ăn Việt Nam,Việt Nam,Bánh,Method,92,200k+
FOOD00193,Bánh xèo om,"Bánh xèo om là món ăn được chế biến bằng phương pháp om, tạo nên hương vị và kết cấu đặc biệt khác biệt.",Món ăn Việt Nam,Việt Nam,Bánh,Method,30,25-50k
FOOD00194,Bánh xèo kho,"Bánh xèo kho là món ăn được chế biến bằng phương pháp kho, tạo nên hương vị và kết cấu đặc biệt khác biệt.",Món ăn Việt Nam,Việt Nam,Bánh,Method,93,25-50k
FOOD00195,Gỏi cuốn miền Bắc,"Gỏi cuốn miền Bắc là một biến thể độc đáo của món Gỏi cuốn, được chế biến theo phong cách miền Bắc với hương vị đặc trưng riêng biệt.",Món ăn Việt Nam,Việt Nam,Gỏi/Nộm,Variation,99,10-25k
FOOD00196,Gỏi cuốn miền Trung,"Gỏi cuốn miền Trung là một biến thể độc đáo của món Gỏi cuốn, được chế biến theo phong cách miền Trung với hương vị đặc trưng riêng biệt.",Món ăn Việt Nam,Việt Nam,Gỏi/Nộm,Variation,37,100-200k
FOOD00197,Gỏi cuốn miền Nam,"Gỏi cuốn miền Nam là một biến thể độc đáo của món Gỏi cuốn, được chế biến theo phong cách miền Nam với hương vị đặc trưng riêng biệt.",Món ăn Việt Nam,Việt Nam,Gỏi/Nộm,Variation,24,100-200k
FOOD00198,Gỏi cuốn Sài Gòn,"Gỏi cuốn Sài Gòn là một biến thể độc đáo của món Gỏi cuốn, được chế biến theo phong cách Sài Gòn với hương vị đặc trưng riêng biệt.",Món ăn Việt Nam,Việt Nam,Gỏi/Nộm,Variation,93,10-25k
FOOD00199,Gỏi cuốn Hà Nội,"Gỏi cuốn Hà Nội là một biến thể độc đáo của món Gỏi cuốn, được chế biến theo phong cách Hà Nội với hương vị đặc trưng riêng biệt.",Món ăn Việt Nam,Việt Nam,Gỏi/Nộm,Variation,46,50-100k
FOOD00200,Gỏi cuốn Huế,"Gỏi cuốn Huế là một biến thể độc đáo của món Gỏi cuốn, được chế biến theo phong cách Huế với hương vị đặc trưng riêng biệt.",Món ăn Việt Nam,Việt Nam,Gỏi/Nộm,Variation,53,100-200k
FOOD00201,Gỏi cuốn luộc,"Gỏi cuốn luộc là món ăn được chế biến bằng phương pháp luộc, tạo nên hương vị và kết cấu đặc biệt khác biệt.",Món ăn Việt Nam,Việt Nam,Gỏi/Nộm,Method,99,10-25k
FOOD00202,Gỏi cuốn rang,"Gỏi cuốn rang là món ăn được chế biến bằng phương pháp rang, tạo nên hương vị và kết cấu đặc biệt khác biệt.",Món ăn Việt Nam,Việt Nam,Gỏi/Nộm,Method,85,200k+
FOOD00203,Hủ tiếu miền Bắc,"Hủ tiếu miền Bắc là một biến thể độc đáo của món Hủ tiếu, được chế biến theo phong cách miền Bắc với hương vị đặc trưng riêng biệt.",Món ăn Việt Nam,Việt Nam,Món nước,Variation,54,100-200k
FOOD00204,Hủ tiếu miền Trung,"Hủ tiếu miền Trung là một biến thể độc đáo của món Hủ tiếu, được chế biến theo phong cách miền Trung với hương vị đặc trưng riêng biệt.",Món ăn Việt Nam,Việt Nam,Món nước,Variation,58,200k+
FOOD00205,Hủ tiếu miền Nam,"Hủ tiếu miền Nam là một biến thể độc đáo của món Hủ tiếu, được chế biến theo phong cách miền Nam với hương vị đặc trưng riêng biệt.",Món ăn Việt Nam,Việt Nam,Món nước,Variation,67,25-50k
FOOD00206,Hủ tiếu Sài Gòn,"Hủ tiếu Sài Gòn là một biến thể độc đáo của món Hủ tiếu, được chế biến theo phong cách Sài Gòn với hương vị đặc trưng riêng biệt.",Món ăn Việt Nam,Việt Nam,Món nước,Variation,46,50-100k
FOOD00207,Hủ tiếu Hà Nội,"Hủ tiếu Hà Nội là một biến thể độc đáo của món Hủ tiếu, được chế biến theo phong cách Hà Nội với hương vị đặc trưng riêng biệt.",Món ăn Việt Nam,Việt Nam,Món nước,Variation,24,10-25k
FOOD00208,Hủ tiếu Huế,"Hủ tiếu Huế là một biến thể độc đáo của món Hủ tiếu, được chế biến theo phong cách Huế với hương vị đặc trưng riêng biệt.",Món ăn Việt Nam,Việt Nam,Món nước,Variation,32,50-100k
FOOD00209,Hủ tiếu nướng,"Hủ tiếu nướng là món ăn được chế biến bằng phương pháp nướng, tạo nên hương vị và kết cấu đặc biệt khác biệt.",Món ăn Việt Nam,Việt Nam,Món nước,Method,47,50-100k
FOOD00210,Hủ tiếu luộc,"Hủ tiếu luộc là món ăn được chế biến bằng phương pháp luộc, tạo nên hương vị và kết cấu đặc biệt khác biệt.",Món ăn Việt Nam,Việt Nam,Món nước,Method,86,50-100k
FOOD00211,Hủ tiếu chiên,"Hủ tiếu chiên là món ăn được chế biến bằng phương pháp chiên, tạo nên hương vị và kết cấu đặc biệt khác biệt.",Món ăn Việt Nam,Việt Nam,Món nước,Method,23,50-100k
FOOD00212,Hủ tiếu xào,"Hủ tiếu xào là món ăn được chế biến bằng phương pháp xào, tạo nên hương vị và kết cấu đặc biệt khác biệt.",Món ăn Việt Nam,Việt Nam,Món nước,Method,66,25-50k
FOOD00213,Hủ tiếu hấp,"Hủ tiếu hấp là món ăn được chế biến bằng phương pháp hấp, tạo nên hương vị và kết cấu đặc biệt khác biệt.",Món ăn Việt Nam,Việt Nam,Món nước,Method,27,100-200k
FOOD00214,Hủ tiếu rang,"Hủ tiếu rang là món ăn được chế biến bằng phương pháp rang, tạo nên hương vị và kết cấu đặc biệt khác biệt.",Món ăn Việt Nam,Việt Nam,Món nước,Method,2,200k+
FOOD00215,Hủ tiếu om,"Hủ tiếu om là món ăn được chế biến bằng phương pháp om, tạo nên hương vị và kết cấu đặc biệt khác biệt.",Món ăn Việt Nam,Việt Nam,Món nước,Method,90,50-100k
FOOD00216,Hủ tiếu kho,"Hủ tiếu kho là món ăn được chế biến bằng phương pháp kho, tạo nên hương vị và kết cấu đặc biệt khác biệt.",Món ăn Việt Nam,Việt Nam,Món nước,Method,17,50-100k
FOOD00217,Bánh căn miền Bắc,"Bánh căn miền Bắc là một biến thể độc đáo của món Bánh căn, được chế biến theo phong cách miền Bắc với hương vị đặc trưng riêng biệt.",Món ăn Việt Nam,Việt Nam,Bánh,Variation,93,10-25k
FOOD00218,Bánh căn miền Trung,"Bánh căn miền Trung là một biến thể độc đáo của món Bánh căn, được chế biến theo phong cách miền Trung với hương vị đặc trưng riêng biệt.",Món ăn Việt Nam,Việt Nam,Bánh,Variation,42,50-100k
FOOD00219,Bánh căn miền Nam,"Bánh căn miền Nam là một biến thể độc đáo của món Bánh căn, được chế biến theo phong cách miền Nam với hương vị đặc trưng riêng biệt.",Món ăn Việt Nam,Việt Nam,Bánh,Variation,26,50-100k
FOOD00220,Bánh căn Sài Gòn,"Bánh căn Sài Gòn là một biến thể độc đáo của món Bánh căn, được chế biến theo phong cách Sài Gòn với hương vị đặc trưng riêng biệt.",Món ăn Việt Nam,Việt Nam,Bánh,Variation,99,50-100k
FOOD00221,Bánh căn Hà Nội,"Bánh căn Hà Nội là một biến thể độc đáo của món Bánh căn, được chế biến theo phong cách Hà Nội với hương vị đặc trưng riêng biệt.",Món ăn Việt Nam,Việt Nam,Bánh,Variation,50,25-50k
FOOD00222,Bánh căn luộc,"Bánh căn luộc là món ăn được chế biến bằng phương pháp luộc, tạo nên hương vị và kết cấu đặc biệt khác biệt.",Món ăn Việt Nam,Việt Nam,Bánh,Method,25,50-100k
FOOD00223,Bánh căn chiên,"Bánh căn chiên là món ăn được chế biến bằng phương pháp chiên, tạo nên hương vị và kết cấu đặc biệt khác biệt.",Món ăn Việt Nam,Việt Nam,Bánh,Method,24,10-25k
FOOD00224,Bánh căn xào,"Bánh căn xào là món ăn được chế biến bằng phương pháp xào, tạo nên hương vị và kết cấu đặc biệt khác biệt.",Món ăn Việt Nam,Việt Nam,Bánh,Method,13,100-200k
FOOD00225,Bánh căn hấp,"Bánh căn hấp là món ăn được chế biến bằng phương pháp hấp, tạo nên hương vị và kết cấu đặc biệt khác biệt.",Món ăn Việt Nam,Việt Nam,Bánh,Method,60,100-200k
FOOD00226,Bánh căn rang,"Bánh căn rang là món ăn được chế biến bằng phương pháp rang, tạo nên hương vị và kết cấu đặc biệt khác biệt.",Món ăn Việt Nam,Việt Nam,Bánh,Method,7,200k+
FOOD00227,Bánh căn om,"Bánh căn om là món ăn được chế biến bằng phương pháp om, tạo nên hương vị và kết cấu đặc biệt khác biệt.",Món ăn Việt Nam,Việt Nam,Bánh,Method,57,10-25k
FOOD00228,Bánh căn kho,"Bánh căn kho là món ăn được chế biến bằng phương pháp kho, tạo nên hương vị và kết cấu đặc biệt khác biệt.",Món ăn Việt Nam,Việt Nam,Bánh,Method,36,50-100k
FOOD00229,Bánh khọt miền Bắc,"Bánh khọt miền Bắc là một biến thể độc đáo của món Bánh khọt, được chế biến theo phong cách miền Bắc với hương vị đặc trưng riêng biệt.",Món ăn Việt Nam,Việt Nam,Bánh,Variation,14,200k+
FOOD00230,Bánh khọt miền Trung,"Bánh khọt miền Trung là một biến thể độc đáo của món Bánh khọt, được chế biến theo phong cách miền Trung với hương vị đặc trưng riêng biệt.",Món ăn Việt Nam,Việt Nam,Bánh,Variation,76,200k+
FOOD00231,Bánh khọt miền Nam,"Bánh khọt miền Nam là một biến thể độc đáo của món Bánh khọt, được chế biến theo phong cách miền Nam với hương vị đặc trưng riêng biệt.",Món ăn Việt Nam,Việt Nam,Bánh,Variation,87,100-200k
FOOD00232,Bánh khọt Sài Gòn,"Bánh khọt Sài Gòn là một biến thể độc đáo của món Bánh khọt, được chế biến theo phong cách Sài Gòn với hương vị đặc trưng riêng biệt.",Món ăn Việt Nam,Việt Nam,Bánh,Variation,15,10-25k
FOOD00233,Bánh khọt Hà Nội,"Bánh khọt Hà Nội là một biến thể độc đáo của món Bánh khọt, được chế biến theo phong cách Hà Nội với hương vị đặc trưng riêng biệt.",Món ăn Việt Nam,Việt Nam,Bánh,Variation,92,10-25k
FOOD00234,Bánh khọt Huế,"Bánh khọt Huế là một biến thể độc đáo của món Bánh khọt, được chế biến theo phong cách Huế với hương vị đặc trưng riêng biệt.",Món ăn Việt Nam,Việt Nam,Bánh,Variation,98,10-25k
FOOD00235,Bánh khọt nướng,"Bánh khọt nướng là món ăn được chế biến bằng phương pháp nướng, tạo nên hương vị và kết cấu đặc biệt khác biệt.",Món ăn Việt Nam,Việt Nam,Bánh,Method,66,100-200k
FOOD00236,Bánh khọt luộc,"Bánh khọt luộc là món ăn được chế biến bằng phương pháp luộc, tạo nên hương vị và kết cấu đặc biệt khác biệt.",Món ăn Việt Nam,Việt Nam,Bánh,Method,32,10-25k
FOOD00237,Bánh khọt chiên,"Bánh khọt chiên là món ăn được chế biến bằng phương pháp chiên, tạo nên hương vị và kết cấu đặc biệt khác biệt.",Món ăn Việt Nam,Việt Nam,Bánh,Method,87,50-100k
FOOD00238,Bánh khọt xào,"Bánh khọt xào là món ăn được chế biến bằng phương pháp xào, tạo nên hương vị và kết cấu đặc biệt khác biệt.",Món ăn Việt Nam,Việt Nam,Bánh,Method,63,200k+
FOOD00239,Bánh khọt hấp,"Bánh khọt hấp là món ăn được chế biến bằng phương pháp hấp, tạo nên hương vị và kết cấu đặc biệt khác biệt.",Món ăn Việt Nam,Việt Nam,Bánh,Method,86,50-100k
FOOD00240,Bánh khọt rang,"Bánh khọt rang là món ăn được chế biến bằng phương pháp rang, tạo nên hương vị và kết cấu đặc biệt khác biệt.",Món ăn Việt Nam,Việt Nam,Bánh,Method,51,10-25k
FOOD00241,Bánh khọt om,"Bánh khọt om là món ăn được chế biến bằng phương pháp om, tạo nên hương vị và kết cấu đặc biệt khác biệt.",Món ăn Việt Nam,Việt Nam,Bánh,Method,25,50-100k
FOOD00242,Bánh khọt kho,"Bánh khọt kho là món ăn được chế biến bằng phương pháp kho, tạo nên hương vị và kết cấu đặc biệt khác biệt.",Món ăn Việt Nam,Việt Nam,Bánh,Method,58,10-25k
FOOD00243,Chè miền Bắc,"Chè miền Bắc là một biến thể độc đáo của món Chè, được chế biến theo phong cách miền Bắc với hương vị đặc trưng riêng biệt.",Món ăn Việt Nam,Việt Nam,Tráng miệng,Variation,86,10-25k
FOOD00244,Chè miền Trung,"Chè miền Trung là một biến thể độc đáo của món Chè, được chế biến theo phong cách miền Trung với hương vị đặc trưng riêng biệt.",Món ăn Việt Nam,Việt Nam,Tráng miệng,Variation,49,200k+
FOOD00245,Chè miền Nam,"Chè miền Nam là một biến thể độc đáo của món Chè, được chế biến theo phong cách miền Nam với hương vị đặc trưng riêng biệt.",Món ăn Việt Nam,Việt Nam,Tráng miệng,Variation,52,10-25k
FOOD00246,Chè Sài Gòn,"Chè Sài Gòn là một biến thể độc đáo của món Chè, được chế biến theo phong cách Sài Gòn với hương vị đặc trưng riêng biệt.",Món ăn Việt Nam,Việt Nam,Tráng miệng,Variation,42,200k+
FOOD00247,Chè Hà Nội,"Chè Hà Nội là một biến thể độc đáo của món Chè, được chế biến theo phong cách Hà Nội với hương vị đặc trưng riêng biệt.",Món ăn Việt Nam,Việt Nam,Tráng miệng,Variation,70,10-25k
FOOD00248,Chè luộc,"Chè luộc là món ăn được chế biến bằng phương pháp luộc, tạo nên hương vị và kết cấu đặc biệt khác biệt.",Món ăn Việt Nam,Việt Nam,Tráng miệng,Method,54,50-100k
FOOD00249,Chè hấp,"Chè hấp là món ăn được chế biến bằng phương pháp hấp, tạo nên hương vị và kết cấu đặc biệt khác biệt.",Món ăn Việt Nam,Việt Nam,Tráng miệng,Method,8,200k+
FOOD00250,Xôi miền Bắc,"Xôi miền Bắc là một biến thể độc đáo của món Xôi, được chế biến theo phong cách miền Bắc với hương vị đặc trưng riêng biệt.",Món ăn Việt Nam,Việt Nam,Món cơm/xôi,Variation,96,100-200k
FOOD00251,Xôi miền Trung,"Xôi miền Trung là một biến thể độc đáo của món Xôi, được chế biến theo phong cách miền Trung với hương vị đặc trưng riêng biệt.",Món ăn Việt Nam,Việt Nam,Món cơm/xôi,Variation,94,10-25k
FOOD00252,Xôi miền Nam,"Xôi miền Nam là một biến thể độc đáo của món Xôi, được chế biến theo phong cách miền Nam với hương vị đặc trưng riêng biệt.",Món ăn Việt Nam,Việt Nam,Món cơm/xôi,Variation,47,200k+
FOOD00253,Xôi Sài Gòn,"Xôi Sài Gòn là một biến thể độc đáo của món Xôi, được chế biến theo phong cách Sài Gòn với hương vị đặc trưng riêng biệt.",Món ăn Việt Nam,Việt Nam,Món cơm/xôi,Variation,99,200k+
FOOD00254,Xôi Hà Nội,"Xôi Hà Nội là một biến thể độc đáo của món Xôi, được chế biến theo phong cách Hà Nội với hương vị đặc trưng riêng biệt.",Món ăn Việt Nam,Việt Nam,Món cơm/xôi,Variation,55,10-25k
FOOD00255,Xôi Huế,"Xôi Huế là một biến thể độc đáo của món Xôi, được chế biến theo phong cách Huế với hương vị đặc trưng riêng biệt.",Món ăn Việt Nam,Việt Nam,Món cơm/xôi,Variation,40,200k+
FOOD00256,Xôi nướng,"Xôi nướng là món ăn được chế biến bằng phương pháp nướng, tạo nên hương vị và kết cấu đặc biệt khác biệt.",Món ăn Việt Nam,Việt Nam,Món cơm/xôi,Method,52,10-25k
FOOD00257,Xôi luộc,"Xôi luộc là món ăn được chế biến bằng phương pháp luộc, tạo nên hương vị và kết cấu đặc biệt khác biệt.",Món ăn Việt Nam,Việt Nam,Món cơm/xôi,Method,16,100-200k
FOOD00258,Xôi hấp,"Xôi hấp là món ăn được chế biến bằng phương pháp hấp, tạo nên hương vị và kết cấu đặc biệt khác biệt.",Món ăn Việt Nam,Việt Nam,Món cơm/xôi,Method,19,25-50k
FOOD00259,Xôi rang,"Xôi rang là món ăn được chế biến bằng phương pháp rang, tạo nên hương vị và kết cấu đặc biệt khác biệt.",Món ăn Việt Nam,Việt Nam,Món cơm/xôi,Method,17,10-25k
FOOD00260,Xôi kho,"Xôi kho là món ăn được chế biến bằng phương pháp kho, tạo nên hương vị và kết cấu đặc biệt khác biệt.",Món ăn Việt Nam,Việt Nam,Món cơm/xôi,Method,19,100-200k
FOOD00261,Cháo miền Bắc,"Cháo miền Bắc là một biến thể độc đáo của món Cháo, được chế biến theo phong cách miền Bắc với hương vị đặc trưng riêng biệt.",Món ăn Việt Nam,Việt Nam,Khác,Variation,62,200k+
FOOD00262,Cháo miền Trung,"Cháo miền Trung là một biến thể độc đáo của món Cháo, được chế biến theo phong cách miền Trung với hương vị đặc trưng riêng biệt.",Món ăn Việt Nam,Việt Nam,Khác,Variation,23,200k+
FOOD00263,Cháo miền Nam,"Cháo miền Nam là một biến thể độc đáo của món Cháo, được chế biến theo phong cách miền Nam với hương vị đặc trưng riêng biệt.",Món ăn Việt Nam,Việt Nam,Khác,Variation,9,50-100k
FOOD00264,Cháo Sài Gòn,"Cháo Sài Gòn là một biến thể độc đáo của món Cháo, được chế biến theo phong cách Sài Gòn với hương vị đặc trưng riêng biệt.",Món ăn Việt Nam,Việt Nam,Khác,Variation,12,100-200k
FOOD00265,Cháo Hà Nội,"Cháo Hà Nội là một biến thể độc đáo của món Cháo, được chế biến theo phong cách Hà Nội với hương vị đặc trưng riêng biệt.",Món ăn Việt Nam,Việt Nam,Khác,Variation,1,10-25k
FOOD00266,Cháo Huế,"Cháo Huế là một biến thể độc đáo của món Cháo, được chế biến theo phong cách Huế với hương vị đặc trưng riêng biệt.",Món ăn Việt Nam,Việt Nam,Khác,Variation,58,200k+
FOOD00267,Cháo nướng,"Cháo nướng là món ăn được chế biến bằng phương pháp nướng, tạo nên hương vị và kết cấu đặc biệt khác biệt.",Món ăn Việt Nam,Việt Nam,Khác,Method,1,50-100k
FOOD00268,Cháo luộc,"Cháo luộc là món ăn được chế biến bằng phương pháp luộc, tạo nên hương vị và kết cấu đặc biệt khác biệt.",Món ăn Việt Nam,Việt Nam,Khác,Method,34,100-200k
FOOD00269,Cháo chiên,"Cháo chiên là món ăn được chế biến bằng phương pháp chiên, tạo nên hương vị và kết cấu đặc biệt khác biệt.",Món ăn Việt Nam,Việt Nam,Khác,Method,96,100-200k
FOOD00270,Cháo xào,"Cháo xào là món ăn được chế biến bằng phương pháp xào, tạo nên hương vị và kết cấu đặc biệt khác biệt.",Món ăn Việt Nam,Việt Nam,Khác,Method,48,100-200k
FOOD00271,Cháo hấp,"Cháo hấp là món ăn được chế biến bằng phương pháp hấp, tạo nên hương vị và kết cấu đặc biệt khác biệt.",Món ăn Việt Nam,Việt Nam,Khác,Method,89,100-200k
FOOD00272,Cháo rang,"Cháo rang là món ăn được chế biến bằng phương pháp rang, tạo nên hương vị và kết cấu đặc biệt khác biệt.",Món ăn Việt Nam,Việt Nam,Khác,Method,1,100-200k
FOOD00273,Cháo om,"Cháo om là món ăn được chế biến bằng phương pháp om, tạo nên hương vị và kết cấu đặc biệt khác biệt.",Món ăn Việt Nam,Việt Nam,Khác,Method,16,200k+
FOOD00274,Cháo kho,"Cháo kho là món ăn được chế biến bằng phương pháp kho, tạo nên hương vị và kết cấu đặc biệt khác biệt.",Món ăn Việt Nam,Việt Nam,Khác,Method,61,50-100k
FOOD00275,Nem miền Bắc,"Nem miền Bắc là một biến thể độc đáo của món Nem, được chế biến theo phong cách miền Bắc với hương vị đặc trưng riêng biệt.",Món ăn Việt Nam,Việt Nam,Khác,Variation,67,10-25k
FOOD00276,Nem miền Trung,"Nem miền Trung là một biến thể độc đáo của món Nem, được chế biến theo phong cách miền Trung với hương vị đặc trưng riêng biệt.",Món ăn Việt Nam,Việt Nam,Khác,Variation,76,10-25k
FOOD00277,Nem miền Nam,"Nem miền Nam là một biến thể độc đáo của món Nem, được chế biến theo phong cách miền Nam với hương vị đặc trưng riêng biệt.",Món ăn Việt Nam,Việt Nam,Khác,Variation,26,25-50k
FOOD00278,Nem Sài Gòn,"Nem Sài Gòn là một biến thể độc đáo của món Nem, được chế biến theo phong cách Sài Gòn với hương vị đặc trưng riêng biệt.",Món ăn Việt Nam,Việt Nam,Khác,Variation,16,10-25k
FOOD00279,Nem Hà Nội,"Nem Hà Nội là một biến thể độc đáo của món Nem, được chế biến theo phong cách Hà Nội với hương vị đặc trưng riêng biệt.",Món ăn Việt Nam,Việt Nam,Khác,Variation,51,200k+
FOOD00280,Nem Huế,"Nem Huế là một biến thể độc đáo của món Nem, được chế biến theo phong cách Huế với hương vị đặc trưng riêng biệt.",Món ăn Việt Nam,Việt Nam,Khác,Variation,86,100-200k
FOOD00281,Nem luộc,"Nem luộc là món ăn được chế biến bằng phương pháp luộc, tạo nên hương vị và kết cấu đặc biệt khác biệt.",Món ăn Việt Nam,Việt Nam,Khác,Method,57,25-50k
FOOD00282,Nem chiên,"Nem chiên là món ăn được chế biến bằng phương pháp chiên, tạo nên hương vị và kết cấu đặc biệt khác biệt.",Món ăn Việt Nam,Việt Nam,Khác,Method,29,50-100k
FOOD00283,Nem xào,"Nem xào là món ăn được chế biến bằng phương pháp xào, tạo nên hương vị và kết cấu đặc biệt khác biệt.",Món ăn Việt Nam,Việt Nam,Khác,Method,78,50-100k
FOOD00284,Nem hấp,"Nem hấp là món ăn được chế biến bằng phương pháp hấp, tạo nên hương vị và kết cấu đặc biệt khác biệt.",Món ăn Việt Nam,Việt Nam,Khác,Method,92,100-200k
FOOD00285,Nem rang,"Nem rang là món ăn được chế biến bằng phương pháp rang, tạo nên hương vị và kết cấu đặc biệt khác biệt.",Món ăn Việt Nam,Việt Nam,Khác,Method,69,25-50k
FOOD00286,Nem om,"Nem om là món ăn được chế biến bằng phương pháp om, tạo nên hương vị và kết cấu đặc biệt khác biệt.",Món ăn Việt Nam,Việt Nam,Khác,Method,47,10-25k
FOOD00287,Nem kho,"Nem kho là món ăn được chế biến bằng phương pháp kho, tạo nên hương vị và kết cấu đặc biệt khác biệt.",Món ăn Việt Nam,Việt Nam,Khác,Method,94,10-25k
FOOD00288,Chả miền Bắc,"Chả miền Bắc là một biến thể độc đáo của món Chả, được chế biến theo phong cách miền Bắc với hương vị đặc trưng riêng biệt.",Món ăn Việt Nam,Việt Nam,Khác,Variation,90,200k+
FOOD00289,Chả miền Trung,"Chả miền Trung là một biến thể độc đáo của món Chả, được chế biến theo phong cách miền Trung với hương vị đặc trưng riêng biệt.",Món ăn Việt Nam,Việt Nam,Khác,Variation,48,100-200k
FOOD00290,Chả miền Nam,"Chả miền Nam là một biến thể độc đáo của món Chả, được chế biến theo phong cách miền Nam với hương vị đặc trưng riêng biệt.",Món ăn Việt Nam,Việt Nam,Khác,Variation,85,10-25k
FOOD00291,Chả Sài Gòn,"Chả Sài Gòn là một biến thể độc đáo của món Chả, được chế biến theo phong cách Sài Gòn với hương vị đặc trưng riêng biệt.",Món ăn Việt Nam,Việt Nam,Khác,Variation,39,200k+
FOOD00292,Chả Hà Nội,"Chả Hà Nội là một biến thể độc đáo của món Chả, được chế biến theo phong cách Hà Nội với hương vị đặc trưng riêng biệt.",Món ăn Việt Nam,Việt Nam,Khác,Variation,100,200k+
FOOD00293,Chả Huế,"Chả Huế là một biến thể độc đáo của món Chả, được chế biến theo phong cách Huế với hương vị đặc trưng riêng biệt.",Món ăn Việt Nam,Việt Nam,Khác,Variation,33,10-25k
FOOD00294,Chả nướng,"Chả nướng là món ăn được chế biến bằng phương pháp nướng, tạo nên hương vị và kết cấu đặc biệt khác biệt.",Món ăn Việt Nam,Việt Nam,Khác,Method,94,10-25k
FOOD00295,Chả luộc,"Chả luộc là món ăn được chế biến bằng phương pháp luộc, tạo nên hương vị và kết cấu đặc biệt khác biệt.",Món ăn Việt Nam,Việt Nam,Khác,Method,23,50-100k
FOOD00296,Chả chiên,"Chả chiên là món ăn được chế biến bằng phương pháp chiên, tạo nên hương vị và kết cấu đặc biệt khác biệt.",Món ăn Việt Nam,Việt Nam,Khác,Method,10,100-200k
FOOD00297,Chả xào,"Chả xào là món ăn được chế biến bằng phương pháp xào, tạo nên hương vị và kết cấu đặc biệt khác biệt.",Món ăn Việt Nam,Việt Nam,Khác,Method,69,100-200k
FOOD00298,Chả hấp,"Chả hấp là món ăn được chế biến bằng phương pháp hấp, tạo nên hương vị và kết cấu đặc biệt khác biệt.",Món ăn Việt Nam,Việt Nam,Khác,Method,100,10-25k
FOOD00299,Chả rang,"Chả rang là món ăn được chế biến bằng phương pháp rang, tạo nên hương vị và kết cấu đặc biệt khác biệt.",Món ăn Việt Nam,Việt Nam,Khác,Method,34,25-50k
FOOD00300,Chả om,"Chả om là món ăn được chế biến bằng phương pháp om, tạo nên hương vị và kết cấu đặc biệt khác biệt.",Món ăn Việt Nam,Việt Nam,Khác,Method,52,200k+
FOOD00301,Chả kho,"Chả kho là món ăn được chế biến bằng phương pháp kho, tạo nên hương vị và kết cấu đặc biệt khác biệt.",Món ăn Việt Nam,Việt Nam,Khác,Method,95,200k+
FOOD00302,Phở bò tái,"Phở bò tái - Hương vị độc đáo, là sự kết hợp hoàn hảo của các nguyên liệu địa phương.",Món ăn Việt Nam,Phan Thiết,Món nước,Foody,98,100-200k
FOOD00303,Bánh mì thịt nướng,Bánh mì thịt nướng - Món ăn được yêu thích bởi hương vị đậm đà và cách chế biến tinh tế.,Món ăn Việt Nam,Đà Nẵng,Món nước,Foody,68,100-200k
FOOD00304,Cơm tấm sườn bì,Cơm tấm sườn bì - Đặc sản nổi tiếng với nguyên liệu tươi ngon và gia vị đặc trưng.,Món ăn Việt Nam,Đà Lạt,Món cơm/xôi,Foody,25,10-25k
FOOD00305,Gỏi cuốn tôm thịt,"Gỏi cuốn tôm thịt - Hương vị độc đáo, là sự kết hợp hoàn hảo của các nguyên liệu địa phương.",Món ăn Việt Nam,Huế,Gỏi/Nộm,Foody,79,50-100k
FOOD00306,Bánh bèo Huế,"Bánh bèo Huế - Hương vị độc đáo, là sự kết hợp hoàn hảo của các nguyên liệu địa phương.",Món ăn Việt Nam,Huế,Bánh,Foody,68,50-100k
FOOD00307,Cơm hến Huế,Cơm hến Huế - Món ăn dân gian được nhiều người yêu thích bởi vị ngon và giá cả phải chăng.,Món ăn Việt Nam,Hà Nội,Món cơm/xôi,Foody,45,100-200k
FOOD00308,Bánh bò nướng,Bánh bò nướng - Món ăn dân gian được nhiều người yêu thích bởi vị ngon và giá cả phải chăng.,Món ăn Việt Nam,Đà Lạt,Bánh,Foody,60,10-25k
FOOD00309,Lẩu mắm miền Tây,Lẩu mắm miền Tây - Đặc sản nổi tiếng với nguyên liệu tươi ngon và gia vị đặc trưng.,Món ăn Việt Nam,TP.HCM,Lẩu,Foody,12,100-200k
FOOD00310,Bánh tráng nướng Đà Lạt,Bánh tráng nướng Đà Lạt - Đặc sản nổi tiếng với nguyên liệu tươi ngon và gia vị đặc trưng.,Món ăn Việt Nam,Huế,Bánh,Foody,32,10-25k
FOOD00311,Bánh pía Sóc Trăng,Bánh pía Sóc Trăng - Món ăn truyền thống được truyền từ đời này sang đời khác.,Món ăn Việt Nam,TP.HCM,Bánh,Foody,96,100-200k
FOOD00312,Bánh ướt,Bánh ướt - Món ăn truyền thống được truyền từ đời này sang đời khác.,Món ăn Việt Nam,Đà Lạt,Bánh,Foody,92,25-50k
FOOD00313,Bánh mì que,"Bánh mì que là món ăn đường phố phổ biến, được bán nhiều tại các xe đẩy, quán vỉa hè với hương vị đặc trưng và giá cả bình dân.",Món ăn đường phố,TP.HCM,Món nước,Street Food,13,25-50k
FOOD00314,Bánh tráng trộn,"Bánh tráng trộn là món ăn đường phố phổ biến, được bán nhiều tại các xe đẩy, quán vỉa hè với hương vị đặc trưng và giá cả bình dân.",Món ăn đường phố,Đà Nẵng,Bánh,Street Food,31,200k+
FOOD00315,Kem flan,"Kem flan là món ăn đường phố phổ biến, được bán nhiều tại các xe đẩy, quán vỉa hè với hương vị đặc trưng và giá cả bình dân.",Món ăn đường phố,Hà Nội,Tráng miệng,Street Food,78,100-200k
FOOD00316,Bánh rán,"Bánh rán là món ăn đường phố phổ biến, được bán nhiều tại các xe đẩy, quán vỉa hè với hương vị đặc trưng và giá cả bình dân.",Món ăn đường phố,Đà Nẵng,Bánh,Street Food,20,50-100k
FOOD00317,Bánh cam,"Bánh cam là món ăn đường phố phổ biến, được bán nhiều tại các xe đẩy, quán vỉa hè với hương vị đặc trưng và giá cả bình dân.",Món ăn đường phố,Huế,Bánh,Street Food,18,200k+
FOOD00318,Bánh tiêu,"Bánh tiêu là món ăn đường phố phổ biến, được bán nhiều tại các xe đẩy, quán vỉa hè với hương vị đặc trưng và giá cả bình dân.",Món ăn đường phố,Hà Nội,Bánh,Street Food,93,25-50k
FOOD00319,Chả cá nướng lá chuối,"Chả cá nướng lá chuối là món ăn đường phố phổ biến, được bán nhiều tại các xe đẩy, quán vỉa hè với hương vị đặc trưng và giá cả bình dân.",Món ăn đường phố,Huế,Khác,Street Food,60,100-200k
FOOD00320,Nem nướng lụi,"Nem nướng lụi là món ăn đường phố phổ biến, được bán nhiều tại các xe đẩy, quán vỉa hè với hương vị đặc trưng và giá cả bình dân.",Món ăn đường phố,Đà Nẵng,Khác,Street Food,63,200k+
FOOD00321,Bánh khọt nhỏ,"Bánh khọt nhỏ là món ăn đường phố phổ biến, được bán nhiều tại các xe đẩy, quán vỉa hè với hương vị đặc trưng và giá cả bình dân.",Món ăn đường phố,Đà Nẵng,Bánh,Street Food,6,100-200k
FOOD00322,Bánh ướt lòng gà,"Bánh ướt lòng gà là món ăn đường phố phổ biến, được bán nhiều tại các xe đẩy, quán vỉa hè với hương vị đặc trưng và giá cả bình dân.",Món ăn đường phố,Đà Nẵng,Bánh,Street Food,32,25-50k
FOOD00323,Bánh cuốn nóng,"Bánh cuốn nóng là món ăn đường phố phổ biến, được bán nhiều tại các xe đẩy, quán vỉa hè với hương vị đặc trưng và giá cả bình dân.",Món ăn đường phố,Huế,Bánh,Street Food,93,200k+
FOOD00324,Bún riêu cua đồng,"Bún riêu cua đồng là món ăn đường phố phổ biến, được bán nhiều tại các xe đẩy, quán vỉa hè với hương vị đặc trưng và giá cả bình dân.",Món ăn đường phố,TP.HCM,Món nước,Street Food,43,25-50k
FOOD00325,Mì xào hải sản,"Mì xào hải sản là món ăn đường phố phổ biến, được bán nhiều tại các xe đẩy, quán vỉa hè với hương vị đặc trưng và giá cả bình dân.",Món ăn đường phố,Huế,Món nước,Street Food,2,10-25k
FOOD00326,Cơm chiên dương châu,"Cơm chiên dương châu là món ăn đường phố phổ biến, được bán nhiều tại các xe đẩy, quán vỉa hè với hương vị đặc trưng và giá cả bình dân.",Món ăn đường phố,Hà Nội,Món cơm/xôi,Street Food,60,25-50k
FOOD00327,Bánh bao chiên,"Bánh bao chiên là món ăn đường phố phổ biến, được bán nhiều tại các xe đẩy, quán vỉa hè với hương vị đặc trưng và giá cả bình dân.",Món ăn đường phố,TP.HCM,Bánh,Street Food,23,100-200k
FOOD00328,Bánh bao nướng,"Bánh bao nướng là món ăn đường phố phổ biến, được bán nhiều tại các xe đẩy, quán vỉa hè với hương vị đặc trưng và giá cả bình dân.",Món ăn đường phố,Đà Nẵng,Bánh,Street Food,83,50-100k
FOOD00329,Bánh su kem,"Bánh su kem là món ăn đường phố phổ biến, được bán nhiều tại các xe đẩy, quán vỉa hè với hương vị đặc trưng và giá cả bình dân.",Món ăn đường phố,Huế,Bánh,Street Food,31,25-50k
FOOD00330,Bánh patê sô,"Bánh patê sô là món ăn đường phố phổ biến, được bán nhiều tại các xe đẩy, quán vỉa hè với hương vị đặc trưng và giá cả bình dân.",Món ăn đường phố,TP.HCM,Bánh,Street Food,5,50-100k
FOOD00331,Chả cá Lã Vọng Miền Bắc,"Chả cá Lã Vọng Miền Bắc là đặc sản tiêu biểu của Miền Bắc, được chế biến theo công thức truyền thống với hương vị đặc trưng của vùng miền.",Đặc sản Miền Bắc,Miền Bắc,Khác,Regional Specialty,83,10-25k
FOOD00332,Bún chả Miền Bắc,"Bún chả Miền Bắc là đặc sản tiêu biểu của Miền Bắc, được chế biến theo công thức truyền thống với hương vị đặc trưng của vùng miền.",Đặc sản Miền Bắc,Miền Bắc,Món nước,Regional Specialty,34,200k+
FOOD00333,Phở bò Miền Bắc,"Phở bò Miền Bắc là đặc sản tiêu biểu của Miền Bắc, được chế biến theo công thức truyền thống với hương vị đặc trưng của vùng miền.",Đặc sản Miền Bắc,Miền Bắc,Món nước,Regional Specialty,10,200k+
FOOD00334,Bánh cuốn Miền Bắc,"Bánh cuốn Miền Bắc là đặc sản tiêu biểu của Miền Bắc, được chế biến theo công thức truyền thống với hương vị đặc trưng của vùng miền.",Đặc sản Miền Bắc,Miền Bắc,Bánh,Regional Specialty,89,50-100k
FOOD00335,Nem chua Miền Bắc,"Nem chua Miền Bắc là đặc sản tiêu biểu của Miền Bắc, được chế biến theo công thức truyền thống với hương vị đặc trưng của vùng miền.",Đặc sản Miền Bắc,Miền Bắc,Khác,Regional Specialty,2,200k+
FOOD00336,Bánh chưng Miền Bắc,"Bánh chưng Miền Bắc là đặc sản tiêu biểu của Miền Bắc, được chế biến theo công thức truyền thống với hương vị đặc trưng của vùng miền.",Đặc sản Miền Bắc,Miền Bắc,Bánh,Regional Specialty,11,25-50k
FOOD00337,Xôi xéo Miền Bắc,"Xôi xéo Miền Bắc là đặc sản tiêu biểu của Miền Bắc, được chế biến theo công thức truyền thống với hương vị đặc trưng của vùng miền.",Đặc sản Miền Bắc,Miền Bắc,Món cơm/xôi,Regional Specialty,50,50-100k
FOOD00338,Bún đậu mắm tôm Miền Bắc,"Bún đậu mắm tôm Miền Bắc là đặc sản tiêu biểu của Miền Bắc, được chế biến theo công thức truyền thống với hương vị đặc trưng của vùng miền.",Đặc sản Miền Bắc,Miền Bắc,Món nước,Regional Specialty,31,100-200k
FOOD00339,Cháo lòng Miền Bắc,"Cháo lòng Miền Bắc là đặc sản tiêu biểu của Miền Bắc, được chế biến theo công thức truyền thống với hương vị đặc trưng của vùng miền.",Đặc sản Miền Bắc,Miền Bắc,Khác,Regional Specialty,56,25-50k
FOOD00340,Bánh gối Miền Bắc,"Bánh gối Miền Bắc là đặc sản tiêu biểu của Miền Bắc, được chế biến theo công thức truyền thống với hương vị đặc trưng của vùng miền.",Đặc sản Miền Bắc,Miền Bắc,Bánh,Regional Specialty,79,25-50k
FOOD00341,Bún bò Huế Miền Trung,"Bún bò Huế Miền Trung là đặc sản tiêu biểu của Miền Trung, được chế biến theo công thức truyền thống với hương vị đặc trưng của vùng miền.",Đặc sản Miền Trung,Miền Trung,Món nước,Regional Specialty,73,25-50k
FOOD00342,Bánh bèo Miền Trung,"Bánh bèo Miền Trung là đặc sản tiêu biểu của Miền Trung, được chế biến theo công thức truyền thống với hương vị đặc trưng của vùng miền.",Đặc sản Miền Trung,Miền Trung,Bánh,Regional Specialty,87,100-200k
FOOD00343,Bánh nậm Miền Trung,"Bánh nậm Miền Trung là đặc sản tiêu biểu của Miền Trung, được chế biến theo công thức truyền thống với hương vị đặc trưng của vùng miền.",Đặc sản Miền Trung,Miền Trung,Bánh,Regional Specialty,83,10-25k
FOOD00344,Bánh ít Miền Trung,"Bánh ít Miền Trung là đặc sản tiêu biểu của Miền Trung, được chế biến theo công thức truyền thống với hương vị đặc trưng của vùng miền.",Đặc sản Miền Trung,Miền Trung,Bánh,Regional Specialty,9,200k+
FOOD00345,Cơm hến Miền Trung,"Cơm hến Miền Trung là đặc sản tiêu biểu của Miền Trung, được chế biến theo công thức truyền thống với hương vị đặc trưng của vùng miền.",Đặc sản Miền Trung,Miền Trung,Món cơm/xôi,Regional Specialty,99,50-100k
FOOD00346,Mì Quảng Miền Trung,"Mì Quảng Miền Trung là đặc sản tiêu biểu của Miền Trung, được chế biến theo công thức truyền thống với hương vị đặc trưng của vùng miền.",Đặc sản Miền Trung,Miền Trung,Món nước,Regional Specialty,21,10-25k
FOOD00347,Cao lầu Miền Trung,"Cao lầu Miền Trung là đặc sản tiêu biểu của Miền Trung, được chế biến theo công thức truyền thống với hương vị đặc trưng của vùng miền.",Đặc sản Miền Trung,Miền Trung,Khác,Regional Specialty,73,50-100k
FOOD00348,Bánh khoái Miền Trung,"Bánh khoái Miền Trung là đặc sản tiêu biểu của Miền Trung, được chế biến theo công thức truyền thống với hương vị đặc trưng của vùng miền.",Đặc sản Miền Trung,Miền Trung,Bánh,Regional Specialty,28,200k+
FOOD00349,Nem lụi Miền Trung,"Nem lụi Miền Trung là đặc sản tiêu biểu của Miền Trung, được chế biến theo công thức truyền thống với hương vị đặc trưng của vùng miền.",Đặc sản Miền Trung,Miền Trung,Khác,Regional Specialty,62,100-200k
FOOD00350,Bánh căn Miền Trung,"Bánh căn Miền Trung là đặc sản tiêu biểu của Miền Trung, được chế biến theo công thức truyền thống với hương vị đặc trưng của vùng miền.",Đặc sản Miền Trung,Miền Trung,Bánh,Regional Specialty,7,25-50k
FOOD00351,Cơm tấm Miền Nam,"Cơm tấm Miền Nam là đặc sản tiêu biểu của Miền Nam, được chế biến theo công thức truyền thống với hương vị đặc trưng của vùng miền.",Đặc sản Miền Nam,Miền Nam,Món cơm/xôi,Regional Specialty,80,25-50k
FOOD00352,Bánh xèo Miền Nam,"Bánh xèo Miền Nam là đặc sản tiêu biểu của Miền Nam, được chế biến theo công thức truyền thống với hương vị đặc trưng của vùng miền.",Đặc sản Miền Nam,Miền Nam,Bánh,Regional Specialty,16,100-200k
FOOD00353,Hủ tiếu Miền Nam,"Hủ tiếu Miền Nam là đặc sản tiêu biểu của Miền Nam, được chế biến theo công thức truyền thống với hương vị đặc trưng của vùng miền.",Đặc sản Miền Nam,Miền Nam,Món nước,Regional Specialty,97,10-25k
FOOD00354,Bánh khọt Miền Nam,"Bánh khọt Miền Nam là đặc sản tiêu biểu của Miền Nam, được chế biến theo công thức truyền thống với hương vị đặc trưng của vùng miền.",Đặc sản Miền Nam,Miền Nam,Bánh,Regional Specialty,4,10-25k
FOOD00355,Gỏi cuốn Miền Nam,"Gỏi cuốn Miền Nam là đặc sản tiêu biểu của Miền Nam, được chế biến theo công thức truyền thống với hương vị đặc trưng của vùng miền.",Đặc sản Miền Nam,Miền Nam,Gỏi/Nộm,Regional Specialty,4,50-100k
FOOD00356,Bánh căn Miền Nam,"Bánh căn Miền Nam là đặc sản tiêu biểu của Miền Nam, được chế biến theo công thức truyền thống với hương vị đặc trưng của vùng miền.",Đặc sản Miền Nam,Miền Nam,Bánh,Regional Specialty,40,100-200k
FOOD00357,Lẩu mắm Miền Nam,"Lẩu mắm Miền Nam là đặc sản tiêu biểu của Miền Nam, được chế biến theo công thức truyền thống với hương vị đặc trưng của vùng miền.",Đặc sản Miền Nam,Miền Nam,Lẩu,Regional Specialty,17,10-25k
FOOD00358,Bánh tét Miền Nam,"Bánh tét Miền Nam là đặc sản tiêu biểu của Miền Nam, được chế biến theo công thức truyền thống với hương vị đặc trưng của vùng miền.",Đặc sản Miền Nam,Miền Nam,Bánh,Regional Specialty,52,100-200k
FOOD00359,Chè ba màu Miền Nam,"Chè ba màu Miền Nam là đặc sản tiêu biểu của Miền Nam, được chế biến theo công thức truyền thống với hương vị đặc trưng của vùng miền.",Đặc sản Miền Nam,Miền Nam,Tráng miệng,Regional Specialty,93,200k+
FOOD00360,Bánh flan Miền Nam,"Bánh flan Miền Nam là đặc sản tiêu biểu của Miền Nam, được chế biến theo công thức truyền thống với hương vị đặc trưng của vùng miền.",Đặc sản Miền Nam,Miền Nam,Bánh,Regional Specialty,52,25-50k
FOOD00361,Bánh chưng Tết,"Bánh chưng Tết là món ăn truyền thống trong các dịp lễ tết, mang ý nghĩa văn hóa sâu sắc và được chuẩn bị công phu theo phong tục tập quán.",Món ăn ngày lễ,Việt Nam,Bánh,Festival Food,36,25-50k
FOOD00362,Bánh tét miền Nam,"Bánh tét miền Nam là món ăn truyền thống trong các dịp lễ tết, mang ý nghĩa văn hóa sâu sắc và được chuẩn bị công phu theo phong tục tập quán.",Món ăn ngày lễ,Việt Nam,Bánh,Festival Food,38,25-50k
FOOD00363,Thịt đông,"Thịt đông là món ăn truyền thống trong các dịp lễ tết, mang ý nghĩa văn hóa sâu sắc và được chuẩn bị công phu theo phong tục tập quán.",Món ăn ngày lễ,Việt Nam,Khác,Festival Food,50,100-200k
FOOD00364,Chả lụa,"Chả lụa là món ăn truyền thống trong các dịp lễ tết, mang ý nghĩa văn hóa sâu sắc và được chuẩn bị công phu theo phong tục tập quán.",Món ăn ngày lễ,Việt Nam,Khác,Festival Food,63,100-200k
FOOD00365,Bánh u tro,"Bánh u tro là món ăn truyền thống trong các dịp lễ tết, mang ý nghĩa văn hóa sâu sắc và được chuẩn bị công phu theo phong tục tập quán.",Món ăn ngày lễ,Việt Nam,Bánh,Festival Food,63,50-100k
FOOD00366,Bánh phu thê,"Bánh phu thê là món ăn truyền thống trong các dịp lễ tết, mang ý nghĩa văn hóa sâu sắc và được chuẩn bị công phu theo phong tục tập quán.",Món ăn ngày lễ,Việt Nam,Bánh,Festival Food,62,25-50k
FOOD00367,Bánh xu xê,"Bánh xu xê là món ăn truyền thống trong các dịp lễ tết, mang ý nghĩa văn hóa sâu sắc và được chuẩn bị công phu theo phong tục tập quán.",Món ăn ngày lễ,Việt Nam,Bánh,Festival Food,99,50-100k
FOOD00368,Chè lam,"Chè lam là món ăn truyền thống trong các dịp lễ tết, mang ý nghĩa văn hóa sâu sắc và được chuẩn bị công phu theo phong tục tập quán.",Món ăn ngày lễ,Việt Nam,Tráng miệng,Festival Food,7,25-50k
FOOD00369,Mứt tết,"Mứt tết là món ăn truyền thống trong các dịp lễ tết, mang ý nghĩa văn hóa sâu sắc và được chuẩn bị công phu theo phong tục tập quán.",Món ăn ngày lễ,Việt Nam,Khác,Festival Food,27,50-100k
FOOD00370,Kẹo dừa,"Kẹo dừa là món ăn truyền thống trong các dịp lễ tết, mang ý nghĩa văn hóa sâu sắc và được chuẩn bị công phu theo phong tục tập quán.",Món ăn ngày lễ,Việt Nam,Khác,Festival Food,92,50-100k
FOOD00371,Kẹo lạc,"Kẹo lạc là món ăn truyền thống trong các dịp lễ tết, mang ý nghĩa văn hóa sâu sắc và được chuẩn bị công phu theo phong tục tập quán.",Món ăn ngày lễ,Việt Nam,Khác,Festival Food,86,200k+
FOOD00372,Bánh dầy,"Bánh dầy là món ăn truyền thống trong các dịp lễ tết, mang ý nghĩa văn hóa sâu sắc và được chuẩn bị công phu theo phong tục tập quán.",Món ăn ngày lễ,Việt Nam,Bánh,Festival Food,14,50-100k
FOOD00373,Rượu cần,"Rượu cần là món ăn truyền thống trong các dịp lễ tết, mang ý nghĩa văn hóa sâu sắc và được chuẩn bị công phu theo phong tục tập quán.",Món ăn ngày lễ,Việt Nam,Khác,Festival Food,71,100-200k
FOOD00374,Bánh chay,"Bánh chay là món ăn truyền thống trong các dịp lễ tết, mang ý nghĩa văn hóa sâu sắc và được chuẩn bị công phu theo phong tục tập quán.",Món ăn ngày lễ,Việt Nam,Bánh,Festival Food,86,50-100k
FOOD00375,Bánh giầy,"Bánh giầy là món ăn truyền thống trong các dịp lễ tết, mang ý nghĩa văn hóa sâu sắc và được chuẩn bị công phu theo phong tục tập quán.",Món ăn ngày lễ,Việt Nam,Bánh,Festival Food,5,25-50k
FOOD00376,Phở bò Hà Nội,"Phở bò Hà Nội là món phở truyền thống với nước dùng trong, thịt bò tái và chín, ăn kèm hành lá và ngò gai.",Món ăn Việt Nam,Hà Nội,Món nước,Traditional,95,30-50k
FOOD00377,Bánh mì pate,"Bánh mì pate là món bánh mì truyền thống với pate, chả lụa, dưa chua và rau thơm.",Món ăn Việt Nam,Việt Nam,Bánh,Traditional,90,10-25k
FOOD00378,Cơm tấm sườn nướng,"Cơm tấm sườn nướng là món cơm với sườn heo nướng thơm lừng, ăn kèm nước mắm pha.",Món ăn Việt Nam,TP.HCM,Món cơm/xôi,Traditional,88,25-50k
FOOD00379,Bánh xèo miền Tây,"Bánh xèo miền Tây có vỏ bánh giòn màu vàng, nhân tôm thịt, ăn kèm rau sống và nước chấm.",Món ăn Việt Nam,Miền Tây,Bánh,Traditional,85,20-40k
FOOD00380,Chè ba màu,"Chè ba màu gồm đậu xanh, đậu đỏ và thạch, chan nước cốt dừa và đá bào.",Tráng miệng,Việt Nam,Tráng miệng,Traditional,80,10-25k
FOOD00381,Phở bò tái,"Phở với thịt bò tái mỏng, ăn kèm hành lá và ngò gai",Món ăn Việt Nam,Hà Nội,Món nước,Realistic,76,25-50k
FOOD00382,Phở bò chín,"Phở với thịt bò chín mềm, nước dùng đậm đà",Món ăn Việt Nam,Hà Nội,Món nước,Realistic,77,30-60k
FOOD00383,Phở gà,"Phở với thịt gà, nước dùng thanh ngọt",Món ăn Việt Nam,Hà Nội,Món nước,Realistic,78,15-30k
FOOD00384,Phở cuốn,"Bánh phở cuốn với thịt bò, rau thơm, chấm nước mắm",Món ăn Việt Nam,Hà Nội,Món nước,Realistic,79,25-50k
FOOD00385,Bún chả cá,"Bún với chả cá nướng thơm, rau thơm và nước mắm",Món ăn Việt Nam,Nha Trang,Món nước,Realistic,80,30-60k
FOOD00386,Bún măng vịt,"Bún với thịt vịt và măng chua, đặc sản miền Bắc",Món ăn Việt Nam,Hà Nội,Món nước,Realistic,81,15-30k
FOOD00387,Bún bò Nam Bộ,"Bún trộn khô với thịt bò, rau sống và đậu phộng",Món ăn Việt Nam,TP.HCM,Món nước,Realistic,82,25-50k
FOOD00388,Bún riêu cua đồng,"Bún riêu với cua đồng tươi, cà chua và tôm",Món ăn Việt Nam,Miền Bắc,Món nước,Realistic,83,30-60k
FOOD00389,Bánh mì pate,"Bánh mì với pate, chả lụa và rau thơm",Món ăn Việt Nam,Việt Nam,Bánh,Realistic,84,15-30k
FOOD00390,Bánh mì thịt nướng,Bánh mì với thịt heo nướng thơm lừng,Món ăn Việt Nam,TP.HCM,Bánh,Realistic,85,25-50k
FOOD00391,Bánh mì xíu mại,Bánh mì với xíu mại sốt cà chua,Món ăn Việt Nam,TP.HCM,Bánh,Realistic,86,30-60k
FOOD00392,Bánh mì chả cá,Bánh mì với chả cá nướng và rau thơm,Món ăn Việt Nam,Nha Trang,Bánh,Realistic,87,15-30k
FOOD00393,Cơm tấm sườn bì,Cơm tấm với sườn nướng và bì,Món ăn Việt Nam,TP.HCM,Món cơm/xôi,Realistic,88,25-50k
FOOD00394,Cơm tấm sườn chả,Cơm tấm với sườn nướng và chả trứng,Món ăn Việt Nam,TP.HCM,Món cơm/xôi,Realistic,89,30-60k
FOOD00395,Cơm chiên dương châu,"Cơm chiên với tôm, xúc xích và trứng",Món ăn Việt Nam,Việt Nam,Món cơm/xôi,Realistic,90,15-30k
FOOD00396,Cơm gà Hải Nam,Cơm với thịt gà luộc và nước mắm gừng,Món ăn Việt Nam,Việt Nam,Món cơm/xôi,Realistic,91,25-50k
FOOD00397,Bánh căn Phan Thiết,"Bánh căn nhỏ với tôm, mực, ăn kèm nước chấm",Món ăn Việt Nam,Phan Thiết,Bánh,Realistic,92,30-60k
FOOD00398,Bánh khọt Vũng Tàu,"Bánh khọt giòn với tôm, ăn kèm rau sống",Món ăn Việt Nam,Vũng Tàu,Bánh,Realistic,93,15-30k
FOOD00399,Bánh bèo Huế,Bánh bèo nhỏ với tôm chấy và mắm nêm,Món ăn Việt Nam,Huế,Bánh,Realistic,94,25-50k
FOOD00400,Bánh ít lá gai,Bánh ít gói lá gai với nhân tôm thịt,Món ăn Việt Nam,Huế,Bánh,Realistic,75,30-60k
FOOD00401,Mì Quảng tôm cua,Mì Quảng với tôm tươi và cua biển,Món ăn Việt Nam,Quảng Nam,Món nước,Realistic,76,15-30k
FOOD00402,Mì Quảng gà,Mì Quảng với thịt gà và trứng cút,Món ăn Việt Nam,Quảng Nam,Món nước,Realistic,77,25-50k
FOOD00403,Cao lầu Hội An,Mì cao lầu với thịt heo và rau thơm,Món ăn Việt Nam,Hội An,Món nước,Realistic,78,30-60k
FOOD00404,Hủ tiếu Nam Vang,"Hủ tiếu với tôm, thịt heo và gan",Món ăn Việt Nam,TP.HCM,Món nước,Realistic,79,15-30k
FOOD00405,Hủ tiếu Mỹ Tho,Hủ tiếu với tôm khô và thịt heo,Món ăn Việt Nam,Mỹ Tho,Món nước,Realistic,80,25-50k
FOOD00406,Hủ tiếu khô,Hủ tiếu trộn khô với nước mắm và hành phi,Món ăn Việt Nam,TP.HCM,Món nước,Realistic,81,30-60k
FOOD00407,Cháo lòng,"Cháo với lòng heo, tiêu và hành lá",Món ăn Việt Nam,Việt Nam,Món nước,Realistic,82,15-30k
FOOD00408,Cháo cá,Cháo với cá tươi và gừng,Món ăn Việt Nam,Việt Nam,Món nước,Realistic,83,25-50k
FOOD00409,Cháo tôm,Cháo với tôm tươi và hành phi,Món ăn Việt Nam,Việt Nam,Món nước,Realistic,84,30-60k
FOOD00410,Cháo gà,Cháo với thịt gà xé phay,Món ăn Việt Nam,Việt Nam,Món nước,Realistic,85,15-30k
FOOD00411,Chè ba màu,"Chè với đậu xanh, đậu đỏ và thạch",Món ăn Việt Nam,Việt Nam,Tráng miệng,Realistic,86,25-50k
FOOD00412,Chè đậu xanh,Chè đậu xanh với nước cốt dừa,Món ăn Việt Nam,Việt Nam,Tráng miệng,Realistic,87,30-60k
FOOD00413,Chè bưởi,Chè với cùi bưởi và nước cốt dừa,Món ăn Việt Nam,An Giang,Tráng miệng,Realistic,88,15-30k
FOOD00414,Chè thái,Chè với nhiều loại đậu và thạch,Món ăn Việt Nam,Việt Nam,Tráng miệng,Realistic,89,25-50k
FOOD00415,Xôi gấc,Xôi nếp với quả gấc màu đỏ,Món ăn Việt Nam,Việt Nam,Món cơm/xôi,Realistic,90,30-60k
FOOD00416,Xôi lá cẩm,Xôi nếp với lá cẩm màu tím,Món ăn Việt Nam,Việt Nam,Món cơm/xôi,Realistic,91,15-30k
FOOD00417,Xôi xéo,Xôi với đậu xanh và hành phi,Món ăn Việt Nam,Hà Nội,Món cơm/xôi,Realistic,92,25-50k
FOOD00418,Gỏi đu đủ,Gỏi đu đủ xanh với tôm khô và đậu phộng,Món ăn Việt Nam,Việt Nam,Gỏi/Nộm,Realistic,93,30-60k
FOOD00419,Gỏi ngó sen,Gỏi ngó sen với tôm thịt,Món ăn Việt Nam,Việt Nam,Gỏi/Nộm,Realistic,94,15-30k
FOOD00420,Nộm hoa chuối,Nộm hoa chuối với thịt heo và tôm,Món ăn Việt Nam,Hà Nội,Gỏi/Nộm,Realistic,75,25-50k
FOOD00421,Gỏi bò bóp thấu,Gỏi thịt bò với rau thơm,Món ăn Việt Nam,Miền Nam,Gỏi/Nộm,Realistic,76,30-60k
FOOD00422,Lẩu thái,"Lẩu chua cay với tôm, cá và rau",Món ăn Việt Nam,Việt Nam,Lẩu,Realistic,77,15-30k
FOOD00423,Lẩu mắm,Lẩu mắm với cá và rau miền Tây,Món ăn Việt Nam,Miền Tây,Lẩu,Realistic,78,25-50k
FOOD00424,Lẩu cá,Lẩu cá với nấm và rau,Món ăn Việt Nam,Việt Nam,Lẩu,Realistic,79,30-60k
FOOD00425,Nem nướng Nha Trang,Nem nướng với bánh tráng và rau thơm,Món ăn Việt Nam,Nha Trang,Khác,Realistic,80,15-30k
FOOD00426,Nem chua Thanh Hóa,Nem chua truyền thống của Thanh Hóa,Món ăn Việt Nam,Thanh Hóa,Khác,Realistic,81,25-50k
FOOD00427,Chả cá Lã Vọng,Chả cá nướng với thì là và bún,Món ăn Việt Nam,Hà Nội,Khác,Realistic,82,30-60k
FOOD00428,Bánh flan,Bánh flan mềm mịn với caramel,Món ăn Việt Nam,Việt Nam,Tráng miệng,Realistic,83,15-30k
FOOD00429,Bánh bò,Bánh bò xốp với nước cốt dừa,Món ăn Việt Nam,Miền Nam,Tráng miệng,Realistic,84,25-50k
FOOD00430,Bánh chuối,Bánh chuối nướng thơm,Món ăn Việt Nam,Việt Nam,Tráng miệng,Realistic,85,30-60k
